{
 "type": "FeatureCollection",
 "date_maj": "02/08/2026",
 "features": [
  {
   "type": "Feature",
   "geometry": {
    "type": "Point",
    "coordinates": [
     5.23226,
     46.20855
    ]
   },
   "properties": {
    "nom": "PESE-PLUME01",
    "active": true,
    "logo": "PESEPLUME01.jpg",
    "adultes": "oui",
    "fiche": "| :fa-info:#A2368F:|**Identification**|\n| ---- | ---- |\n| :fa-map-o::#A2368F:|4, Allée des Brotteaux<br>01006 Bourg-en-Bresse Cedex|\n| :fa-envelope::#A2368F:|[Courriel](mailto:peseplume01@gmail.com)|\n| :fa-chain::#A2368F:|[Site Web](https://pese-plume01.fr/)|\n| :fa-mobile::#A2368F:|06 87 19 12 17|\n| :fa-users::#A2368F:|Public accepté : Tout public mais au niveau de l'activité physique, uniquement des plus de 18 ans.|\n| :fa-circle-o-notch::#A2368F:|Mode d'échanges : Mail, textos , téléphone, courriers...pas de réseaux sociaux.|\n| :fa-tag::#A2368F:|Affiliation: CNAO<br>Fédération sportive Sports Pour Tous|\n| :fa-external-link::#A2368F:|Partenariat avec : CNAO<br> Sports Pour tous<br>Ain Profession Sport et culture<br>Plateforme sport santé 01<br>Hôpital Fleyriat de Bourg<br>172 personnes du corps médical et paramédical de 01,69,39,71,74,73 <br> 37 établissements médicaux, Centre d'examens de la sécurité social de l'Ain.|\n| :fa-certificate::#A2368F:|Agréments : Sports santé bien Être de la fédération sportive Sports Pour Tous. Association de santé de ARS|\n| :fa-user::#A2368F:|Composition: Tous patients|\n| :fa-gear::#A2368F:|W012007533|\n| :fa-calendar::#A2368F:|Enregistrée le 28/05/2002|\n| :fa-refresh::#A2368F:|Fiche Maj le 13/02/2026|\n\n** :fa-newspaper-o: Présentation de l'association**<br>\nVient en aide aux personnes ayant des problèmes de poids ou étant confrontées à des troubles du comportement alimentaire; mise en place de réunion santé, d'activité physique adaptée, de rencontres en foret et au lac, café rencontre, groupe de parole, atelier de cuisine thérapie, Atelier de sophrologie, atelier d'art thérapie, actions pour les sism, action pour la semaine du gout, actions pour la journée de la femme, actions pour les JMO....."
   }
  },
  {
   "type": "Feature",
   "geometry": {
    "type": "Point",
    "coordinates": [
     4.174867,
     43.740141
    ]
   },
   "properties": {
    "nom": "LE POIDS DU PARTAGE",
    "active": true,
    "logo": "Lepoidsdupartage.jpg",
    "bariatrique": "oui",
    "fiche": "| :fa-info:#A2368F:|**Identification**|\n| ---- | ---- |\n| :fa-map-o::#A2368F:|75 chemin de Liquis<br>30670 Aigues Vives|\n| :fa-envelope::#A2368F:|[Courriel](mailto:lepoidsdupartage@gmail.com)|\n| :fa-chain::#A2368F:|[Site Web](https://www.espaceobjectifsante.org/)|\n| :fa-facebook-official::#A2368F:|[FaceBook](https://www.facebook.com/MoiEtLui70)|\n| :fa-mobile::#A2368F:|06 88 96 48 85|\n| :fa-tag::#A2368F:|Affiliation: CNAO|\n| :fa-gear::#A2368F:|W302009791|\n| :fa-calendar::#A2368F:|Enregistrée le 06/12/2012|\n| :fa-refresh::#A2368F:|Fiche Maj le 07/2024|\n\n** :fa-newspaper-o: Présentation de l'association**<br>\nprévenir de l'obésité par l'accompagnement écoute pour les personnes ayant des problèmes de poids ayant une chirurgie bariatrique ou non et les personnes atteintes d'une maladie chronique ; informer le grand public ; aider dans les démarches administratives"
   }
  },
  {
   "type": "Feature",
   "geometry": {
    "type": "Point",
    "coordinates": [
     4.301822,
     43.786253
    ]
   },
   "properties": {
    "nom": "SLEEVE ET MOI",
    "active": true,
    "logo": "sleevetmoi.png",
    "bariatrique": "oui",
    "fiche": "| :fa-info:#A2368F:|**Identification**|\n| ---- | ---- |\n| :fa-map-o::#A2368F:|114 rte de montpellier<br>30540 Milhaud|\n| :fa-envelope::#A2368F:|[Courriel](mailto:sleeveetmoi@gmail.com)|\n| :fa-facebook-official::#A2368F:|[FaceBook](https://www.facebook.com/groups/228531074399875/)|\n| :fa-mobile::#A2368F:|06 99 16 75 22|\n| :fa-tag::#A2368F:|Affiliation: LCO|\n| :fa-gear::#A2368F:|W302013120|\n| :fa-calendar::#A2368F:|Enregistrée le 21/05/2016|\n| :fa-refresh::#A2368F:|Fiche Maj le 10/2024|\n\n** :fa-newspaper-o: Présentation de l'association**<br>\naccompagner les patients en pré et post chirurgie bariatrique pendant la prise en charge hospitalière et après 2 ans ; dans le futur, prise en charge des patients diabétiques et obèses du Grau du Roi, les faire bouger (piscine, gym douce, marche, sophrologie, qui quong taichi, diététicienne, endocrino, aide à l'écoute, activités de convivialité)."
   }
  },
  {
   "type": "Feature",
   "geometry": {
    "type": "Point",
    "coordinates": [
     4.385101,
     45.439883
    ]
   },
   "properties": {
    "nom": "ASSOCIATION OSE",
    "active": true,
    "logo": "Association OSE.jpg",
    "fiche": "| :fa-info:#A2368F:|**Identification**|\n| ---- | ---- |\n| :fa-map-o::#A2368F:|4 rue André Malraux Casier 100<br>42000 Saint-Étienne|\n| :fa-envelope::#A2368F:|[Courriel](mailto:ose-loire@orange.fr)|\n| :fa-facebook-official::#A2368F:|[FaceBook](https://www.facebook.com/obesite42)|\n| :fa-mobile::#A2368F:|06 85 06 87 28|\n| :fa-gear::#A2368F:|W423008967|\n| :fa-calendar::#A2368F:|Enregistrée le 07/01/2017|\n| :fa-refresh::#A2368F:|Fiche Maj le 05/2025|\n\n** :fa-newspaper-o: Présentation de l'association**<br>\naccueillir, écouter, comprendre, prévenir, témoigner, soutenir, orienter ; favoriser l'information des matlades et des intéressés en situation de Surpoids et d'Obésité ; informer sur les risques de l'Obésité des pathologies associées et de leurs conséquences ; favoriser la prise en charge sociale, médicale, chirurgicale des malades, favoriser la formation des externes, des internes, des médecins et tous professionnels de santé ; informer sur l'avancée de la recherche ; promouvoir l'organisation et la participation à des séminaires, conférences, sessions de formation, expositions, rassemblements et spectacles."
   }
  },
  {
   "type": "Feature",
   "geometry": {
    "type": "Point",
    "coordinates": [
     5.392122,
     43.274356
    ]
   },
   "properties": {
    "nom": "BOOM 13",
    "active": true,
    "logo": "BOOM13.png",
    "bariatrique": "oui",
    "fiche": "| :fa-info:#A2368F:|**Identification**|\n| ---- | ---- |\n| :fa-map-o::#A2368F:|Boulevard latil<br>13008 Marseille|\n| :fa-envelope::#A2368F:|[Courriel](mailto:asso.boom13@gmail.com)|\n| :fa-chain::#A2368F:|[Site Web](https://boom-obesitemarseille.fr/)|\n| :fa-mobile::#A2368F:|04 88 73 105|\n| :fa-tag::#A2368F:|Affiliation: LCO|\n| :fa-gear::#A2368F:|W133038419|\n| :fa-calendar::#A2368F:|Enregistrée le 24/10/2023|\n| :fa-refresh::#A2368F:|Fiche Maj le 07/2024|\n\n** :fa-newspaper-o: Présentation de l'association**<br>\ncréer du lien entre les patients souffrants d'obésité dans leur parcours de chirurgie bariatrique"
   }
  },
  {
   "type": "Feature",
   "geometry": {
    "type": "Point",
    "coordinates": [
     4.701363,
     45.985256
    ]
   },
   "properties": {
    "nom": "EQUILIBR'ÉMOI",
    "active": true,
    "logo": "EquilibreetMoi.jpg",
    "adultes": "oui",
    "adolescents": "oui",
    "enfants": "oui",
    "fiche": "| :fa-info:#A2368F:|**Identification**|\n| ---- | ---- |\n| :fa-map-o::#A2368F:|856 Rue de Tarare,<br>69400 Gleizé|\n| :fa-envelope::#A2368F:|[Courriel](mailto:contact@equilibremoi.fr)|\n| :fa-file-pdf-o:#A2368F:|[Brochure de l'association](https://drive.google.com/file/d/1xFrkkAHq6C3arlY8IFUIctl0pXHMgcy2/view?usp=drive_link)|\n| :fa-chain::#A2368F:|[Site Web](https://www.equilibremoi.fr/)|\n| :fa-facebook-official::#A2368F:|[FaceBook](https://www.facebook.com/equilibremoi)|\n| :fa-instagram::#A2368F:|[Instagram](https://instagram.com/equilibremoi/)|\n| :fa-chain::#A2368F:|[Autre](https://www.linkedin.com/in/equilibr-%C3%A9moi-ob%C3%A9sit%C3%A9-394a61213/)|\n| :fa-mobile::#A2368F:|06 21 75 15 14|\n| :fa-users::#A2368F:|Public accepté : Adultes en situation d'obésité (Enfants et adolescents pour la prévention)|\n| :fa-circle-o-notch::#A2368F:|Mode d'échanges : <br>Réunions en présentiel tous les mois<br>Groupe WhatsApp<br>Affiliation :LCO|\n| :fa-tag::#A2368F:|Affiliation: LCO|\n| :fa-external-link::#A2368F:|Partenariat avec : Polyclinique du Beaujolais (Arnas)<br> Hôpitaux Nord-Ouest - Villefranche-sur-Saône|\n| :fa-certificate::#A2368F:|Agréments : Programme d'éducation thérapeutique du patient financé par l'ARS<br>Association reconnue d'intérêt général|\n| :fa-user::#A2368F:|Composition: Uniquement des patients dont trois patients partenaires et une coordinatrice ETP|\n| :fa-gear::#A2368F:|W692006085|\n| :fa-calendar::#A2368F:|Enregistrée le 06/08/2016|\n| :fa-refresh::#A2368F:|Fiche Maj le 02/04/2026|\n\n** :fa-newspaper-o: Présentation de l'association**<br>\nsuivi, écoute, soutien et accompagnement des personnes sujettes à l'obésité; créer du lien avec les structures associatives ou institutionnelles traitant des questions liées au surpoids ; organiser des activités en direction des personnes en situation d'obésité et des manifestations de prévention et de sensibilisation"
   }
  },
  {
   "type": "Feature",
   "geometry": {
    "type": "Point",
    "coordinates": [
     2.334528,
     48.826082
    ]
   },
   "properties": {
    "nom": "EKILIBRES",
    "active": true,
    "logo": "ekilibres.png",
    "fiche": "| :fa-info:#A2368F:|**Identification**|\n| ---- | ---- |\n| :fa-map-o::#A2368F:|Rue Gauguet<br>75014 PARIS|\n| :fa-envelope::#A2368F:|[Courriel](mailto:contact.ekilibres@gmail.com)|\n| :fa-chain::#A2368F:|[Site Web](https://www.ekilibres.fr/)|\n| :fa-gear::#A2368F:|W751269784|\n| :fa-calendar::#A2368F:|Enregistrée le 30/05/2023|\n| :fa-refresh::#A2368F:|Fiche Maj le 07/2024|\n\n** :fa-newspaper-o: Présentation de l'association**<br>\ninformer et accompagner les personnes en situation de surpoids et d'obésité qui souhaitent intégrer ou qui sont engagées dans un parcours de soins ; favoriser le partage d'expérience entre pairs ; impliquer l'entourage, les personnes ressources et les aidants ; orienter les personnes en surpoids ou en situation d'obésité vers une prise en charge personnalisée et adaptée ; encourager l'autonomie du patient afin qu'il devienne acteur de son parcours de soins ; promouvoir une image corporelle positive ; représenter la voix des patients auprès d'instances publiques"
   }
  },
  {
   "type": "Feature",
   "geometry": {
    "type": "Point",
    "coordinates": [
     7.36655,
     48.077005
    ]
   },
   "properties": {
    "nom": "ASSOCIATION STOP OBESITE",
    "active": true,
    "logo": "stopobesite.png",
    "adultes": "oui",
    "adolescents": "oui",
    "fiche": "| :fa-info:#A2368F:|**Identification**|\n| ---- | ---- |\n| :fa-map-o::#A2368F:|Hôpital Louis Pasteur \n39 Av. de la Liberté,<br>68000 Colmar|\n| :fa-envelope::#A2368F:|[Courriel](mailto:martine.stopobesite@orange.fr)|\n| :fa-file-pdf-o:#A2368F:|[Brochure de l'association](https://drive.google.com/file/d/1YIyWpdz69tbCS6_yF3mh5kJbSX2wQxlR/view?usp=drive_link)|\n| :fa-chain::#A2368F:|[Site Web](https://www.stopobesite.org/)|\n| :fa-mobile::#A2368F:|06 22 41 47 97  (de préférence par SMS)|\n| :fa-users::#A2368F:|Public accepté : Adultes / Parents et accompagnants / Femmes / Adolescents|\n| :fa-circle-o-notch::#A2368F:|Mode d'échanges : - Réunions mensuelles d'informations avec organisation d'un repas sur Sélestat, Kingersheim, Belfort Danjoutin<br><br>- Réunions d'informations avec différents médecins spécialisés dans la chirurgie de l'obésité à Colmar et Mulhouse<br> -Groupes de parole FaceBook et Messenger|\n| :fa-tag::#A2368F:|Affiliation: CNAO<br>La présidente de l'association est membre d'honneur au CNAO depuis décembre 2019|\n| :fa-external-link::#A2368F:|Partenariat avec : Hôpital pasteur Colmar<br>Hôpital Emile Muller Mulhouse<br>UGECAM  pour des hospitalisations de jour en cure de 5 semaines|\n| :fa-certificate::#A2368F:|Agréments : Responsable Grand Est pour le CNAO<br>Agrément HAS N 2021AG0014 du 17/06/2021|\n| :fa-user::#A2368F:|Composition: Présidente, Trésorier, Secrétaire, membres et bénévoles|\n| :fa-gear::#A2368F:|44127804100021|\n| :fa-calendar::#A2368F:|Enregistrée le 19/11/1999|\n| :fa-refresh::#A2368F:|Fiche Maj le 15/01/2026|\n\n[++ Liste des adresses ++]<br>\n:fa-plus-square:#A2368F:[ Hôpital Louis Pasteur 39 Av. de la Liberté, 68000 Colmar](app://moveTo?7.36655,48.077005 Aller à Colmar)<br>\n:fa-plus-square:#A2368F:|[ 3 rue des Noyers\t67390 HEIDOLSHEIM](app://moveTo?7.56299,48.199585 Aller à HEIDOLSHEIM)<br>\n[----]\n\n** :fa-newspaper-o: Présentation de l'association**<br>\nL'Association S.T.O.P. (Suivi et Techniques contre l'Obésité Pour la vie) organise dans le cadre de son activité des réunions d'informations, de discussions et de témoignages sur les moyens qui peuvent leur être proposés tels que : cure, nouveaux médicaments et les différentes techniques opératoires contre l'obésité :<br>\n<br>\n? le ballon intra gastrique<br>\n? le byPass<br>\n? La sleeve<br>\n? la chirurgie réparatrice<br>\n? etc ?<br>\n<br>\n <br>\n<br>\nMartine MUNCH, présidente fondatrice de l'Association S.T.O.P. (anciennement « club des anneaux à l'estomac »), répondra à toutes vos questions et interrogations sur la prise en charge du surpoids et de l'obésité en durée dans le temps.<br>\n<br>\nElle vous assistera dans vos démarches pré et post opératoires, et vous guidera vers différents professionnels qualifiés pratiquant ces interventions. Elle vous parlera également de la nouvelle manière de gérer votre vie après l'opération.\n\n**:fa-film:#A2368F: Vidéo de présentation de l'association**<br>\n!(https://devsescompetences-my.sharepoint.com/:v:/g/personal/fabienne_huber_developpersescompetences_fr/IQA_kYvXqPysQ5I9LYBenE0xAfQYGvOzFvA0juSdo23erOA?e=IdFCUX)"
   }
  },
  {
   "type": "Feature",
   "geometry": {
    "type": "Point",
    "coordinates": [
     7.50872,
     48.182499
    ]
   },
   "properties": {
    "nom": "ASSOCIATION STOP OBESITE",
    "active": true,
    "logo": "stopobesite.png",
    "adultes": "oui",
    "adolescents": "oui",
    "fiche": "| :fa-info:#A2368F:|**Identification**|\n| ---- | ---- |\n| :fa-map-o::#A2368F:|67390 Heidolsheim|\n| :fa-chain::#A2368F:|[Site Web](https://www.stopobesite.org/)|\n| :fa-mobile::#A2368F:|7 22 41 47 97  (de préférence par SMS)|\n| :fa-users::#A2368F:|Public accepté : Adultes / Parents et accompagnants / Femmes / Adolescents|\n| :fa-circle-o-notch::#A2368F:|Mode d'échanges : - Réunions mensuelles d'informations avec organisation d'un repas sur Sélestat, Kingersheim, Belfort Danjoutin<br>- Réunions d'informations avec différents médecins spécialisés dans la chirurgie de l'obésité à Colmar et Mulhouse<br> -Groupes de parole FaceBook et Messenger|\n| :fa-tag::#A2368F:|Affiliation: CNAO<br>La présidente de l'association est membre d'honneur au CNAO depuis décembre 2020|\n| :fa-external-link::#A2368F:|Partenariat avec : Hôpital pasteur Colmar<br>Hôpital Emile Muller Mulhouse<br>UGECAM  pour des hospitalisations de jour en cure de 5 semaines|\n| :fa-certificate::#A2368F:|Agréments : Responsable Grand Est pour le CNAO<br>Agrément HAS N 2021AG0014 du 17/06/2022|\n| :fa-user::#A2368F:|Composition: Présidente, Trésorier, Secrétaire, membres et bénévoles|\n| :fa-gear::#A2368F:|44127804100021|\n| :fa-calendar::#A2368F:|Enregistrée le 19/11/1999|\n\n[++ Liste des adresses ++]<br>\n:fa-plus-square:#A2368F:[ Hôpital Louis Pasteur 39 Av. de la Liberté, 68000 Colmar](app://moveTo?7.36655,48.077005 Aller à Colmar)<br>\n:fa-plus-square:#A2368F:|[ 3 rue des Noyers\t67390 HEIDOLSHEIM](app://moveTo?7.56299,48.199585 Aller à HEIDOLSHEIM)<br>\n[----]\n\n** :fa-newspaper-o: Présentation de l'association**<br>\nL'Association S.T.O.P. (Suivi et Techniques contre l'Obésité Pour la vie) organise dans le cadre de son activité des réunions d'informations, de discussions et de témoignages sur les moyens qui peuvent leur être proposés tels que : cure, nouveaux médicaments et les différentes techniques opératoires contre l'obésité :<br>\n<br>\n? le ballon intra gastrique<br>\n? le byPass<br>\n? La sleeve<br>\n? la chirurgie réparatrice<br>\n? etc ?<br>\n<br>\n <br>\n<br>\nMartine MUNCH, présidente fondatrice de l'Association S.T.O.P. (anciennement « club des anneaux à l'estomac »), répondra à toutes vos questions et interrogations sur la prise en charge du surpoids et de l'obésité en durée dans le temps.<br>\n<br>\nElle vous assistera dans vos démarches pré et post opératoires, et vous guidera vers différents professionnels qualifiés pratiquant ces interventions. Elle vous parlera également de la nouvelle manière de gérer votre vie après l'opération."
   }
  },
  {
   "type": "Feature",
   "geometry": {
    "type": "Point",
    "coordinates": [
     7.45384,
     48.259399
    ]
   },
   "properties": {
    "nom": "ASSOCIATION STOP OBESITE",
    "active": true,
    "logo": "stopobesite.png",
    "adultes": "oui",
    "adolescents": "oui",
    "fiche": "| :fa-info:#A2368F:|**Identification**|\n| ---- | ---- |\n| :fa-map-o::#A2368F:|67600 Sélestat|\n| :fa-chain::#A2368F:|[Site Web](https://www.stopobesite.org/)|\n| :fa-mobile::#A2368F:|8 22 41 47 97  (de préférence par SMS)|\n| :fa-users::#A2368F:|Public accepté : Adultes / Parents et accompagnants / Femmes / Adolescents|\n| :fa-circle-o-notch::#A2368F:|Mode d'échanges : - Réunions mensuelles d'informations avec organisation d'un repas sur Sélestat, Kingersheim, Belfort Danjoutin<br>- Réunions d'informations avec différents médecins spécialisés dans la chirurgie de l'obésité à Colmar et Mulhouse<br> -Groupes de parole FaceBook et Messenger|\n| :fa-tag::#A2368F:|Affiliation: CNAO<br>La présidente de l'association est membre d'honneur au CNAO depuis décembre 2021|\n| :fa-external-link::#A2368F:|Partenariat avec : Hôpital pasteur Colmar<br>Hôpital Emile Muller Mulhouse<br>UGECAM  pour des hospitalisations de jour en cure de 5 semaines|\n| :fa-certificate::#A2368F:|Agréments : Responsable Grand Est pour le CNAO<br>Agrément HAS N 2021AG0014 du 17/06/2023|\n| :fa-user::#A2368F:|Composition: Présidente, Trésorier, Secrétaire, membres et bénévoles|\n| :fa-gear::#A2368F:|44127804100021|\n| :fa-calendar::#A2368F:|Enregistrée le 19/11/1999|\n\n[++ Liste des adresses ++]<br>\n:fa-plus-square:#A2368F:[ Hôpital Louis Pasteur 39 Av. de la Liberté, 68000 Colmar](app://moveTo?7.36655,48.077005 Aller à Colmar)<br>\n:fa-plus-square:#A2368F:|[ 3 rue des Noyers\t67390 HEIDOLSHEIM](app://moveTo?7.56299,48.199585 Aller à HEIDOLSHEIM)<br>\n[----]\n\n** :fa-newspaper-o: Présentation de l'association**<br>\nL'Association S.T.O.P. (Suivi et Techniques contre l'Obésité Pour la vie) organise dans le cadre de son activité des réunions d'informations, de discussions et de témoignages sur les moyens qui peuvent leur être proposés tels que : cure, nouveaux médicaments et les différentes techniques opératoires contre l'obésité :<br>\n<br>\n? le ballon intra gastrique<br>\n? le byPass<br>\n? La sleeve<br>\n? la chirurgie réparatrice<br>\n? etc ?<br>\n<br>\n <br>\n<br>\nMartine MUNCH, présidente fondatrice de l'Association S.T.O.P. (anciennement « club des anneaux à l'estomac »), répondra à toutes vos questions et interrogations sur la prise en charge du surpoids et de l'obésité en durée dans le temps.<br>\n<br>\nElle vous assistera dans vos démarches pré et post opératoires, et vous guidera vers différents professionnels qualifiés pratiquant ces interventions. Elle vous parlera également de la nouvelle manière de gérer votre vie après l'opération."
   }
  },
  {
   "type": "Feature",
   "geometry": {
    "type": "Point",
    "coordinates": [
     7.335252,
     47.789671
    ]
   },
   "properties": {
    "nom": "ASSOCIATION STOP OBESITE",
    "active": true,
    "logo": "stopobesite.png",
    "adultes": "oui",
    "adolescents": "oui",
    "fiche": "| :fa-info:#A2368F:|**Identification**|\n| ---- | ---- |\n| :fa-map-o::#A2368F:|68260 Kingersheim|\n| :fa-chain::#A2368F:|[Site Web](https://www.stopobesite.org/)|\n| :fa-mobile::#A2368F:|9 22 41 47 97  (de préférence par SMS)|\n| :fa-users::#A2368F:|Public accepté : Adultes / Parents et accompagnants / Femmes / Adolescents|\n| :fa-circle-o-notch::#A2368F:|Mode d'échanges : - Réunions mensuelles d'informations avec organisation d'un repas sur Sélestat, Kingersheim, Belfort Danjoutin<br>- Réunions d'informations avec différents médecins spécialisés dans la chirurgie de l'obésité à Colmar et Mulhouse<br> -Groupes de parole FaceBook et Messenger|\n| :fa-tag::#A2368F:|Affiliation: CNAO<br>La présidente de l'association est membre d'honneur au CNAO depuis décembre 2022|\n| :fa-external-link::#A2368F:|Partenariat avec : Hôpital pasteur Colmar<br>Hôpital Emile Muller Mulhouse<br>UGECAM  pour des hospitalisations de jour en cure de 5 semaines|\n| :fa-certificate::#A2368F:|Agréments : Responsable Grand Est pour le CNAO<br>Agrément HAS N 2021AG0014 du 17/06/2024|\n| :fa-user::#A2368F:|Composition: Présidente, Trésorier, Secrétaire, membres et bénévoles|\n| :fa-gear::#A2368F:|44127804100021|\n| :fa-calendar::#A2368F:|Enregistrée le 19/11/2000|\n\n[++ Liste des adresses ++]<br>\n:fa-plus-square:#A2368F:[ Hôpital Louis Pasteur 39 Av. de la Liberté, 68000 Colmar](app://moveTo?7.36655,48.077005 Aller à Colmar)<br>\n:fa-plus-square:#A2368F:|[ 3 rue des Noyers\t67390 HEIDOLSHEIM](app://moveTo?7.56299,48.199585 Aller à HEIDOLSHEIM)<br>\n[----]\n\n** :fa-newspaper-o: Présentation de l'association**<br>\nL'Association S.T.O.P. (Suivi et Techniques contre l'Obésité Pour la vie) organise dans le cadre de son activité des réunions d'informations, de discussions et de témoignages sur les moyens qui peuvent leur être proposés tels que : cure, nouveaux médicaments et les différentes techniques opératoires contre l'obésité :<br>\n<br>\n? le ballon intra gastrique<br>\n? le byPass<br>\n? La sleeve<br>\n? la chirurgie réparatrice<br>\n? etc ?<br>\n<br>\n <br>\n<br>\nMartine MUNCH, présidente fondatrice de l'Association S.T.O.P. (anciennement « club des anneaux à l'estomac »), répondra à toutes vos questions et interrogations sur la prise en charge du surpoids et de l'obésité en durée dans le temps.<br>\n<br>\nElle vous assistera dans vos démarches pré et post opératoires, et vous guidera vers différents professionnels qualifiés pratiquant ces interventions. Elle vous parlera également de la nouvelle manière de gérer votre vie après l'opération."
   }
  },
  {
   "type": "Feature",
   "geometry": {
    "type": "Point",
    "coordinates": [
     6.86296,
     47.618099
    ]
   },
   "properties": {
    "nom": "ASSOCIATION STOP OBESITE",
    "active": true,
    "logo": "stopobesite.png",
    "adultes": "oui",
    "adolescents": "oui",
    "fiche": "| :fa-info:#A2368F:|**Identification**|\n| ---- | ---- |\n| :fa-map-o::#A2368F:|90400 Danjoutin|\n| :fa-chain::#A2368F:|[Site Web](https://www.stopobesite.org/)|\n| :fa-mobile::#A2368F:|10 22 41 47 97  (de préférence par SMS)|\n| :fa-users::#A2368F:|Public accepté : Adultes / Parents et accompagnants / Femmes / Adolescents|\n| :fa-circle-o-notch::#A2368F:|Mode d'échanges : - Réunions mensuelles d'informations avec organisation d'un repas sur Sélestat, Kingersheim, Belfort Danjoutin<br>- Réunions d'informations avec différents médecins spécialisés dans la chirurgie de l'obésité à Colmar et Mulhouse<br> -Groupes de parole FaceBook et Messenger|\n| :fa-tag::#A2368F:|Affiliation: CNAO<br>La présidente de l'association est membre d'honneur au CNAO depuis décembre 2023|\n| :fa-external-link::#A2368F:|Partenariat avec : Hôpital pasteur Colmar<br>Hôpital Emile Muller Mulhouse<br>UGECAM  pour des hospitalisations de jour en cure de 5 semaines|\n| :fa-certificate::#A2368F:|Agréments : Responsable Grand Est pour le CNAO<br>Agrément HAS N 2021AG0014 du 17/06/2025|\n| :fa-user::#A2368F:|Composition: Présidente, Trésorier, Secrétaire, membres et bénévoles|\n| :fa-gear::#A2368F:|44127804100021|\n| :fa-calendar::#A2368F:|Enregistrée le 19/11/2001|\n\n[++ Liste des adresses ++]<br>\n:fa-plus-square:#A2368F:[ Hôpital Louis Pasteur 39 Av. de la Liberté, 68000 Colmar](app://moveTo?7.36655,48.077005 Aller à Colmar)<br>\n:fa-plus-square:#A2368F:|[ 3 rue des Noyers\t67390 HEIDOLSHEIM](app://moveTo?7.56299,48.199585 Aller à HEIDOLSHEIM)<br>\n[----]\n\n** :fa-newspaper-o: Présentation de l'association**<br>\nL'Association S.T.O.P. (Suivi et Techniques contre l'Obésité Pour la vie) organise dans le cadre de son activité des réunions d'informations, de discussions et de témoignages sur les moyens qui peuvent leur être proposés tels que : cure, nouveaux médicaments et les différentes techniques opératoires contre l'obésité :<br>\n<br>\n? le ballon intra gastrique<br>\n? le byPass<br>\n? La sleeve<br>\n? la chirurgie réparatrice<br>\n? etc ?<br>\n<br>\n <br>\n<br>\nMartine MUNCH, présidente fondatrice de l'Association S.T.O.P. (anciennement « club des anneaux à l'estomac »), répondra à toutes vos questions et interrogations sur la prise en charge du surpoids et de l'obésité en durée dans le temps.<br>\n<br>\nElle vous assistera dans vos démarches pré et post opératoires, et vous guidera vers différents professionnels qualifiés pratiquant ces interventions. Elle vous parlera également de la nouvelle manière de gérer votre vie après l'opération."
   }
  },
  {
   "type": "Feature",
   "geometry": {
    "type": "Point",
    "coordinates": [
     3.290709,
     48.203652
    ]
   },
   "properties": {
    "nom": "SANS KILO",
    "active": true,
    "logo": "sans kilo.jpg",
    "bariatrique": "oui",
    "adolescents": "oui",
    "enfants": "oui",
    "fiche": "| :fa-info:#A2368F:|**Identification**|\n| ---- | ---- |\n| :fa-map-o::#A2368F:|12 rue Fenel<br>89100 Sens|\n| :fa-envelope::#A2368F:|[Courriel](mailto:sanskilo2013@gmail.com)|\n| :fa-file-pdf-o:#A2368F:|[Brochure de l'association](https://docs.google.com/document/d/1hdhoDlrQF1rXB9VyHbGHPMjDQyi0Cx-8/edit)|\n| :fa-chain::#A2368F:|[Site Web](https://sans-kilo.fr/)|\n| :fa-mobile::#A2368F:|06 36 50 08 84|\n| :fa-users::#A2368F:|Public accepté : Tous publics y compris enfants et adolescents<br>(en obésité et autres pathologies)<br> en parcours bariatrique ou non|\n| :fa-circle-o-notch::#A2368F:|Mode d'échanges : Groupes de paroles<br>ateliers, (ex coiffure et esthétique)<br>permanence une fois par mois  téléphone mail SMS<br>Rdv spécifiques<br>Interventions dans des écoles, collèges et lycées|\n| :fa-tag::#A2368F:|Affiliation: LCO|\n| :fa-external-link::#A2368F:|Partenariat avec : Centre Hospitalier de Sens et le Centre social des Chaillots|\n| :fa-certificate::#A2368F:|Agréments : Association d'utilité publique   subventionnée par la sécurité sociale|\n| :fa-user::#A2368F:|Composition: Bureau exclusivement composé de patients (en situation d'obésité ou non), certains professionnels de santé participent à la vie de l'association.|\n| :fa-gear::#A2368F:|W893002654|\n| :fa-calendar::#A2368F:|Enregistrée le 17/08/2013|\n| :fa-refresh::#A2368F:|Fiche Maj le 24/04/2026|\n\n** :fa-newspaper-o: Présentation de l'association**<br>\nse faire connaitre auprès du corps médical et des personnes concernées par l'obésité afin d'intervenir dans les domaines de la santé en se retrouvant, en organisant des sorties, des réunions, des rencontres pour parler des difficultés traversées par ce que les adhérents, voire les non adhérents, ont été ou sont prêts à faire pour changer de vie ; l'association ne poursuit aucun but lucratif, politique, religieux ou racial."
   }
  },
  {
   "type": "Feature",
   "geometry": {
    "type": "Point",
    "coordinates": [
     3.299023,
     48.192163
    ]
   },
   "properties": {
    "nom": "SANS KILO",
    "active": true,
    "logo": "sans kilo.jpg",
    "fiche": "| :fa-info:#A2368F:|**Identification**|\n| ---- | ---- |\n| :fa-map-o::#A2368F:|1 Av. Pierre de Coubertin,<br>89100 Sens|\n| :fa-mobile::#A2368F:|06 36 50 08 84|\n| :fa-external-link::#A2368F:|Partenariat avec : Centre Hospitalier de Sens|\n| :fa-gear::#A2368F:|W893002654|"
   }
  },
  {
   "type": "Feature",
   "geometry": {
    "type": "Point",
    "coordinates": [
     2.556924,
     48.840056
    ]
   },
   "properties": {
    "nom": "LA RONDE DES FORMES",
    "active": true,
    "logo": "LARONDEDESFORMES.png",
    "adultes": "oui",
    "adolescents": "oui",
    "fiche": "| :fa-info:#A2368F:|**Identification**|\n| ---- | ---- |\n| :fa-map-o::#A2368F:|Maison des Associations,<br>111 Bd du Mont d'Est Pavé Neuf<br>93190 Noisy le Grand|\n| :fa-envelope::#A2368F:|[Courriel](mailto:la.ronde.des.formes@hotmail.fr)|\n| :fa-file-pdf-o:#A2368F:|[Brochure de l'association](https://drive.google.com/file/d/1RoLDm0_VQvGWrXJkY4BaQTU9BTV9DH_W/view?usp=drive_link)|\n| :fa-chain::#A2368F:|[Site Web](https://larondedesformes.assoconnect.com/)|\n| :fa-facebook-official::#A2368F:|[FaceBook](https://www.facebook.com/Larondedesformes)|\n| :fa-instagram::#A2368F:|[Instagram](https://www.instagram.com/lrdf_la_ronde_des_formes/)|\n| :fa-chain::#A2368F:|[Autre](https://www.linkedin.com/company/la-ronde-des-formes/)|\n| :fa-mobile::#A2368F:|06 51 58 22 36|\n| :fa-users::#A2368F:|Public accepté : Adultes et mineurs accompagnés|\n| :fa-circle-o-notch::#A2368F:|Mode d'échanges : Présentiel|\n| :fa-tag::#A2368F:|Affiliation: CNAO|\n| :fa-user::#A2368F:|Composition: Bénévoles|\n| :fa-gear::#A2368F:|W932004783|\n| :fa-calendar::#A2368F:|Enregistrée le 06/07/2013|\n| :fa-refresh::#A2368F:|Fiche Maj le 01/02/2026|\n\n[++ Liste des adresses ++]<br>\n:fa-plus-square:#A2368F:[ 111 Bd du Mont d'Est Pavé Neuf 93190 Noisy le Grand](app://moveTo? 2.556924,48.840056 Aller à Noisy le Grand)<br>\n:fa-plus-square:#A2368F:|[ 3 Allée Fernand Lindet<br>\n93390 CLICHY SOUS BOIS](app://moveTo? 2.548197,48.911013 Aller à CLICHY SOUS BOIS)<br>\n[----]\n\n**:fa-heart: lieu de nos activités**<br>\nAquagym : Centre aquatique Les Nymphéas, 3 Avenue Emile Cossonneau, 93160 NOISY-LE-GRAND<br>\nAPA : Gymnase du Champy, 2 Allée Jean Renoir, 93160 NOISY-LE-GRAND<br>\nAteliers du samedi : Maison Pour Tous du Champy, 9 Allée du Bataillon-Hildevert, 93160 NOISY-LE-GRAND<br>\nGroupe de paroles du mardi : Maison Pour Tous des Côteaux, 30 Route de Gournay, 93160 NOISY-LE-GRAND\n\n** :fa-newspaper-o: Présentation de l'association**<br>\nLa Ronde des Formes accompagne les personnes concernées par le surpoids et l'obésité en Seine-Saint-Denis. L'association propose une approche globale et bienveillante mêlant activité physique adaptée, aquagym, ateliers de diététique, groupes de parole, conseil en image et actions de prévention.  Les activités sont animées par des professionnels spécialisés et proposées à des tarifs solidaires."
   }
  },
  {
   "type": "Feature",
   "geometry": {
    "type": "Point",
    "coordinates": [
     2.548197,
     48.911013
    ]
   },
   "properties": {
    "nom": "LA RONDE DES FORMES",
    "active": true,
    "logo": "LARONDEDESFORMES.png",
    "adultes": "oui",
    "adolescents": "oui",
    "fiche": "| :fa-info:#A2368F:|**Identification**|\n| ---- | ---- |\n| :fa-map-o::#A2368F:|Maison des Sociétés,<br>3 Allée Fernand Lindet<br>93390 CLICHY SOUS BOIS|\n| :fa-file-pdf-o:#A2368F:|[Brochure de l'association](https://drive.google.com/file/d/1RoLDm0_VQvGWrXJkY4BaQTU9BTV9DH_W/view?usp=drive_link)|\n| :fa-chain::#A2368F:|[Site Web](https://larondedesformes.assoconnect.com/)|\n| :fa-facebook-official::#A2368F:|[FaceBook](https://www.facebook.com/Larondedesformes)|\n| :fa-instagram::#A2368F:|[Instagram](https://www.instagram.com/lrdf_la_ronde_des_formes/)|\n| :fa-chain::#A2368F:|[Autre](https://www.linkedin.com/company/la-ronde-des-formes/)|\n| :fa-mobile::#A2368F:|06 51 58 22 36|\n| :fa-users::#A2368F:|Public accepté : Adultes et mineurs accompagnés|\n| :fa-circle-o-notch::#A2368F:|Mode d'échanges : Présentiel|\n| :fa-tag::#A2368F:|Affiliation: CNA2|\n| :fa-user::#A2368F:|Composition: Bénévoles|\n| :fa-gear::#A2368F:|W932004783|\n| :fa-calendar::#A2368F:|Enregistrée le 06/07/2013|\n\n[++ Liste des adresses ++]<br>\n:fa-plus-square:#A2368F:[ 111 Bd du Mont d'Est Pavé Neuf 93190 Noisy le Grand](app://moveTo? 2.556924,48.840056 Aller à Noisy le Grand)<br>\n:fa-plus-square:#A2368F:|[ 3 Allée Fernand Lindet<br>\n93390 CLICHY SOUS BOIS](app://moveTo? 2.548197,48.911013 Aller à CLICHY SOUS BOIS)<br>\n[----]\n\n**:fa-heart: lieu de nos activités**<br>\nAquagym : Piscine Rosa Parks, 3 Boulevard Gagarine, 93390 CLICHY-SOUS-BOIS\n\n** :fa-newspaper-o: Présentation de l'association**<br>\nLa Ronde des Formes accompagne les personnes concernées par le surpoids et l'obésité en Seine-Saint-Denis. L'association propose une approche globale et bienveillante mêlant activité physique adaptée, aquagym, ateliers de diététique, groupes de parole, conseil en image et actions de prévention.  Les activités sont animées par des professionnels spécialisés et proposées à des tarifs solidaires."
   }
  },
  {
   "type": "Feature",
   "geometry": {
    "type": "Point",
    "coordinates": [
     2.536848,
     48.919543
    ]
   },
   "properties": {
    "nom": "LA RONDE DES FORMES",
    "active": true,
    "logo": "LARONDEDESFORMES.png",
    "adultes": "oui",
    "adolescents": "oui",
    "fiche": "| :fa-info:#A2368F:|**Identification**|\n| ---- | ---- |\n| :fa-map-o::#A2368F:|Maison de la Citoyenneté,<br> 5 Place François Mitterrand<br>93190 LIVRY-GARGAN|\n| :fa-file-pdf-o:#A2368F:|[Brochure de l'association](https://drive.google.com/file/d/1RoLDm0_VQvGWrXJkY4BaQTU9BTV9DH_W/view?usp=drive_link)|\n| :fa-chain::#A2368F:|[Site Web](https://larondedesformes.assoconnect.com/)|\n| :fa-facebook-official::#A2368F:|[FaceBook](https://www.facebook.com/Larondedesformes)|\n| :fa-instagram::#A2368F:|[Instagram](https://www.instagram.com/lrdf_la_ronde_des_formes/)|\n| :fa-chain::#A2368F:|[Autre](https://www.linkedin.com/company/la-ronde-des-formes/)|\n| :fa-mobile::#A2368F:|06 51 58 22 36|\n| :fa-users::#A2368F:|Public accepté : Adultes et mineurs accompagnés|\n| :fa-circle-o-notch::#A2368F:|Mode d'échanges : Présentiel|\n| :fa-tag::#A2368F:|Affiliation: CNA2|\n| :fa-user::#A2368F:|Composition: Bénévoles|\n| :fa-gear::#A2368F:|W932004783|\n| :fa-calendar::#A2368F:|Enregistrée le 06/07/2013|\n\n[++ Liste des adresses ++]<br>\n:fa-plus-square:#A2368F:[ 111 Bd du Mont d'Est Pavé Neuf 93190 Noisy le Grand](app://moveTo? 2.556924,48.840056 Aller à Noisy le Grand)<br>\n:fa-plus-square:#A2368F:|[ 3 Allée Fernand Lindet<br>\n93390 CLICHY SOUS BOIS](app://moveTo? 2.548197,48.911013 Aller à CLICHY SOUS BOIS)<br>\n[----]\n\n**:fa-heart: lieu de nos activités**<br>\nAPA & Danse thérapie : Maison de la Citoyenneté, 5 Place François Mitterrand, 93190 LIVRY-GARGAN<br>\nAtelier du samedi : Maison de la Citoyenneté, 5 Place François Mitterrand, 93190 LIVRY-GARGAN ou CENTRE EVS, 11 Bis Allée Anatole France, 93370 CLICHY-SOUS-BOIS\n\n** :fa-newspaper-o: Présentation de l'association**<br>\nLa Ronde des Formes accompagne les personnes concernées par le surpoids et l'obésité en Seine-Saint-Denis. L'association propose une approche globale et bienveillante mêlant activité physique adaptée, aquagym, ateliers de diététique, groupes de parole, conseil en image et actions de prévention.  Les activités sont animées par des professionnels spécialisés et proposées à des tarifs solidaires."
   }
  },
  {
   "type": "Feature",
   "geometry": {
    "type": "Point",
    "coordinates": [
     2.405067,
     48.869888
    ]
   },
   "properties": {
    "nom": "EMBARQUE TA BOUSSOLE",
    "active": true,
    "logo": "Embarque.png",
    "adultes": "oui",
    "fiche": "| :fa-info:#A2368F:|**Identification**|\n| ---- | ---- |\n| :fa-map-o::#A2368F:|75200 Paris|\n| :fa-envelope::#A2368F:|[Courriel](mailto:embarquetaboussole@gmail.com)|\n| :fa-chain::#A2368F:|[Site Web](https://www.helloasso.com/associations/embarque-ta-boussole)|\n| :fa-instagram::#A2368F:|[Instagram](https://www.instagram.com/embarque_ta_boussole/)|\n| :fa-chain::#A2368F:|[Autre](https://www.linkedin.com/company/association-embarque-ta-boussole/))|\n| :fa-mobile::#A2368F:|07 75 72 39 78|\n| :fa-users::#A2368F:|Public accepté : adultes (à partir de 18 ans)|\n| :fa-circle-o-notch::#A2368F:|Mode d'échanges : visio, groupeWhatsapp et présentiel|\n| :fa-tag::#A2368F:|Affiliation: CNAO|\n| :fa-user::#A2368F:|Composition: association composée uniquement de patients ou personnes concernées ou d'aidants bénévoles|\n| :fa-gear::#A2368F:|W751260910|\n| :fa-calendar::#A2368F:|Enregistrée le 18/05/2021|\n| :fa-refresh::#A2368F:|Fiche Maj le 07/01/2026|\n\n** :fa-newspaper-o: Présentation de l'association**<br>\nrépondre à toute demande d'informations quant à la prise en charge globale de l'obésité, formulée par les personnes directement ou indirectement, confrontées à la problématique du surpoids ; assurer une écoute et une entraide à la personne et ou aux proches."
   }
  },
  {
   "type": "Feature",
   "geometry": {
    "type": "Point",
    "coordinates": [
     4.041874,
     49.246724
    ]
   },
   "properties": {
    "nom": "UN COMBAT UNE RENAISSANCE",
    "active": true,
    "logo": "Uncombatunerenassance.png",
    "fiche": "| :fa-info:#A2368F:|**Identification**|\n| ---- | ---- |\n| :fa-map-o::#A2368F:|Maison de la Vie Associative MVA 204-108 \n122bis Rue du Barbâtre,<br>51100 REIMS|\n| :fa-envelope::#A2368F:|[Courriel](mailto:1combat1renaissance@gmail.com)|\n| :fa-chain::#A2368F:|[Site Web](https://www.1combat1renaissance.org)|\n| :fa-mobile::#A2368F:|06 60 85 87 46|\n| :fa-tag::#A2368F:|Affiliation: CNAO|\n| :fa-gear::#A2368F:|W513003477|\n| :fa-calendar::#A2368F:|Enregistrée le 02/11/2013|\n| :fa-refresh::#A2368F:|Fiche Maj le 07/2024|\n\n** :fa-newspaper-o: Présentation de l'association**<br>\napporter à ses adhérents des informations sur l'actualité médicale de l'obésité et plus généralement sur le thème du surpoids des adultes et des enfants, participer aux actions de prévention de l'obésité, apporter un soutien aux adhérents ainsi qu'à leur famille en leur communiquant des conseils utiles, échanger avec les praticiens les représentants des établissements médicaux, organiser des rencontres, des activités ludiques, des conférences, des ateliers d'accompagnement et de rééducation nécessaire à la vie après une intervention chirurgicale de l'obésité avec des professionnels, échanger sur les bonnes pratiques, partager son expérience avec de futurs opérés ou des opérés, organiser des braderies, des lotos ou toutes activités lui permettant de se financer."
   }
  },
  {
   "type": "Feature",
   "geometry": {
    "type": "Point",
    "coordinates": [
     2.407027,
     48.804553
    ]
   },
   "properties": {
    "nom": "VERS UN NOUVEAU REGARD",
    "active": true,
    "logo": "Versunnouveauregard.png",
    "fiche": "| :fa-info:#A2368F:|**Identification**|\n| ---- | ---- |\n| :fa-map-o::#A2368F:|12 rue Marguerite Duras  bâtiment C<br>94400 VITRY SUR SEINE|\n| :fa-envelope::#A2368F:|[Courriel](mailto:vers.un.nouveau.regard@gmail.com)|\n| :fa-chain::#A2368F:|[Site Web](https://www.vers-un-nouveau-regard.fr/)|\n| :fa-mobile::#A2368F:|06 95 34 70 14  / 07 75 72 25 32|\n| :fa-circle-o-notch::#A2368F:|Mode d'échanges : Présentiel ou visio en fonction des sites|\n| :fa-tag::#A2368F:|Affiliation: CNAO|\n| :fa-gear::#A2368F:|W921003112|\n| :fa-calendar::#A2368F:|Enregistrée le 23/03/2013|\n| :fa-refresh::#A2368F:|Fiche Maj le 24/11/2025|\n\n[++ Liste des adresses ++]<br>\n:fa-plus-square:#A2368F:[ 12 rue Marguerite Duras  bâtiment C 94400 VITRY SUR SEINE](app://moveTo?2.407027,48.804553 Aller à VITRY SUR SEINE)<br>\n:fa-plus-square:#A2368F:|[ Hôpital Georges Pompidou 75015 Paris](app://moveTo?2.271055,48.839326 Aller à l'hôpital Georges Pompidou)<br>\n:fa-plus-square:#A2368F:|[ Hôpital Salpetrière 75013 Paris](app://moveTo?2.364365,48.837931 Aller à l'hôpital Salpetrière)<br>\n[----]\n\n** :fa-newspaper-o: Présentation de l'association**<br>\nNous sommes présents aux réunions dans les services des hôpitaux SALPETRIERE en presentiel et GEORGES POMPIDOU  en presentiel et visio.<br>\n<br>\nNous proposons à nos adhérents chaque semaine :<br>\nSport adapté <br>\nRelaxation par le rire <br>\nSophrologie <br>\nYoga<br>\nAquagym <br>\nÉchanges Anglais/Français <br>\nMarche Nordique  une à deux fois par mois <br>\nRepas mensuel (partage et convivialité)<br>\nPromenade Parc Floral de Vincennes- Montsouris-cité universitaire -jardin des plantes à  chaque saison<br>\nUn après-midi jeux par mois <br>\nPique-nique en belle saison <br>\nVisites Parisiennes : les passages, Mouftard, Montmartre, le Pere Lachaise, le Montparnasse"
   }
  },
  {
   "type": "Feature",
   "geometry": {
    "type": "Point",
    "coordinates": [
     2.271055,
     48.839326
    ]
   },
   "properties": {
    "nom": "VERS UN NOUVEAU REGARD",
    "active": true,
    "logo": "Versunnouveauregard.png",
    "fiche": "| :fa-info:#A2368F:|**Identification**|\n| ---- | ---- |\n| :fa-map-o::#A2368F:|Hôpital Georges Pompidou<br>75015 Paris|\n| :fa-chain::#A2368F:|[Site Web](https://www.vers-un-nouveau-regard.fr/)|\n| :fa-mobile::#A2368F:|06 95 34 70 14  / 07 75 72 25 32|\n| :fa-circle-o-notch::#A2368F:|Mode d'échanges : Présentiel ou visio en fonction des sites|\n| :fa-tag::#A2368F:|Affiliation: CNA2|\n| :fa-gear::#A2368F:|W921003112|\n| :fa-calendar::#A2368F:|Enregistrée le 23/03/2013|\n\n[++ Liste des adresses ++]<br>\n:fa-plus-square:#A2368F:[ 12 rue Marguerite Duras  bâtiment C 94400 VITRY SUR SEINE](app://moveTo?2.407027,48.804553 Aller à VITRY SUR SEINE)<br>\n:fa-plus-square:#A2368F:|[ Hôpital Georges Pompidou 75015 Paris](app://moveTo?2.271055,48.839326 Aller à l'hôpital Georges Pompidou)<br>\n:fa-plus-square:#A2368F:|[ Hôpital Salpetrière 75013 Paris](app://moveTo?2.364365,48.837931 Aller à l'hôpital Salpetrière)<br>\n[----]\n\n** :fa-newspaper-o: Présentation de l'association**<br>\nNous sommes présents aux réunions dans les services des hôpitaux SALPETRIERE en presentiel et GEORGES POMPIDOU  en presentiel et visio.<br>\n<br>\nNous proposons à nos adhérents chaque semaine :<br>\nSport adapté <br>\nRelaxation par le rire <br>\nSophrologie <br>\nYoga<br>\nAquagym <br>\nÉchanges Anglais/Français <br>\nMarche Nordique  une à deux fois par mois <br>\nRepas mensuel (partage et convivialité)<br>\nPromenade Parc Floral de Vincennes- Montsouris-cité universitaire -jardin des plantes à  chaque saison<br>\nUn après-midi jeux par mois <br>\nPique-nique en belle saison <br>\nVisites Parisiennes : les passages, Mouftard, Montmartre, le Pere Lachaise, le Montparnasse"
   }
  },
  {
   "type": "Feature",
   "geometry": {
    "type": "Point",
    "coordinates": [
     2.364365,
     48.837931
    ]
   },
   "properties": {
    "nom": "VERS UN NOUVEAU REGARD",
    "active": true,
    "logo": "Versunnouveauregard.png",
    "fiche": "| :fa-info:#A2368F:|**Identification**|\n| ---- | ---- |\n| :fa-map-o::#A2368F:|Hôpital Salpetrière<br>75013 Paris|\n| :fa-chain::#A2368F:|[Site Web](https://www.vers-un-nouveau-regard.fr/)|\n| :fa-mobile::#A2368F:|06 95 34 70 14  / 07 75 72 25 32|\n| :fa-circle-o-notch::#A2368F:|Mode d'échanges : Présentiel ou visio en fonction des sites|\n| :fa-tag::#A2368F:|Affiliation: CNA2|\n| :fa-gear::#A2368F:|W921003112|\n| :fa-calendar::#A2368F:|Enregistrée le 23/03/2013|\n\n[++ Liste des adresses ++]<br>\n:fa-plus-square:#A2368F:[ 12 rue Marguerite Duras  bâtiment C 94400 VITRY SUR SEINE](app://moveTo?2.407027,48.804553 Aller à VITRY SUR SEINE)<br>\n:fa-plus-square:#A2368F:|[ Hôpital Georges Pompidou 75015 Paris](app://moveTo?2.271055,48.839326 Aller à l'hôpital Georges Pompidou)<br>\n:fa-plus-square:#A2368F:|[ Hôpital Salpetrière 75013 Paris](app://moveTo?2.364365,48.837931 Aller à l'hôpital Salpetrière)<br>\n[----]\n\n** :fa-newspaper-o: Présentation de l'association**<br>\nNous sommes présents aux réunions dans les services des hôpitaux SALPETRIERE en presentiel et GEORGES POMPIDOU  en presentiel et visio.<br>\n<br>\nNous proposons à nos adhérents chaque semaine :<br>\nSport adapté <br>\nRelaxation par le rire <br>\nSophrologie <br>\nYoga<br>\nAquagym <br>\nÉchanges Anglais/Français <br>\nMarche Nordique  une à deux fois par mois <br>\nRepas mensuel (partage et convivialité)<br>\nPromenade Parc Floral de Vincennes- Montsouris-cité universitaire -jardin des plantes à  chaque saison<br>\nUn après-midi jeux par mois <br>\nPique-nique en belle saison <br>\nVisites Parisiennes : les passages, Mouftard, Montmartre, le Pere Lachaise, le Montparnasse"
   }
  },
  {
   "type": "Feature",
   "geometry": {
    "type": "Point",
    "coordinates": [
     1.289787,
     44.47981
    ]
   },
   "properties": {
    "nom": "OH MY LOFT 46",
    "active": true,
    "logo": "OML46.png",
    "fiche": "| :fa-info:#A2368F:|**Identification**|\n| ---- | ---- |\n| :fa-map-o::#A2368F:|110 Route de Pouzinet<br>46140 Luzech|\n| :fa-envelope::#A2368F:|[Courriel](mailto:galazard@wanadoo.fr)|\n| :fa-chain::#A2368F:|[Site Web](https://www.oml46.fr/)|\n| :fa-mobile::#A2368F:|06 72 99 39 19|\n| :fa-tag::#A2368F:|Affiliation: CNAO|\n| :fa-gear::#A2368F:|W461006502|\n| :fa-calendar::#A2368F:|Enregistrée le 28/09/2019|\n| :fa-refresh::#A2368F:|Fiche Maj le 07/2024|\n\n** :fa-newspaper-o: Présentation de l'association**<br>\noffrir des solutions de vie saine et de bonnes conduites alimentaires à des personnes en surpoids ou en obésité en situation de handicap au travers de différentes déclinaisons telles que des séjours de courte ou de longue durée, permettre à ces personnes de prolonger, en dehors de l'hopital, des centres de soins et de rééducation , des structures en charge de la maladie mentale ou de toute autre origine, tous les bénéfices d' un projet de soin personnalisé, proposer des activités physiques par des exercices réguliers, raisonnés et raisonnables, psychologie et thérapie, lutte contre le désoeuvrement, diététique autour d'activités de cuisine thérapeutique."
   }
  },
  {
   "type": "Feature",
   "geometry": {
    "type": "Point",
    "coordinates": [
     -61.729479,
     15.998641
    ]
   },
   "properties": {
    "nom": "AGOSSE 97",
    "active": true,
    "logo": "Agosse.jpg",
    "enfants": "oui",
    "fiche": "| :fa-info:#A2368F:|**Identification**|\n| ---- | ---- |\n| :fa-map-o::#A2368F:|97100 Basse-Terre|\n| :fa-envelope::#A2368F:|[Courriel](mailto:agosse971@gmail.com)|\n| :fa-facebook-official::#A2368F:|[FaceBook](https://fr-fr.facebook.com/agosse971)|\n| :fa-mobile::#A2368F:|06 90 43 79 92|\n| :fa-tag::#A2368F:|Affiliation: CNAO|\n| :fa-gear::#A2368F:|W9G1003346|\n| :fa-calendar::#A2368F:|Enregistrée le 23/07/2016|\n| :fa-refresh::#A2368F:|Fiche Maj le 07/2024|\n\n** :fa-newspaper-o: Présentation de l'association**<br>\nmener toute action en rapport avec l'information, la prévention, le traitement et le suivi de l'obésité, du surpoids et la sédentarité que ce soit par: la nutrition la mise en place d'activités physiques, l'éducation thérapeutique, (exemples: activités physiques adaptées, éducations culinaires, relaxation, etc.); l'organisation et la participation à toutes manifestations liées à l'obésité; la participation à toute action de formation en rapport avec le surpoids, l'obésité et sa prise en charge; la participation à la création, au développement, à l'utilisation d'outils ayant pour objet l'obésité sur tous les supports de communication l'accompagnement dans le cadre de la lutte contre l'obésité, notamment avec la proposition de différents ateliers thérapeutiques; un travail d'éducation sera effectué pour mieux vivre ensemble, par le biais de loisirs, visites, sorties culturelles; modérer et mieux gérer l'utilisation des jeux vidéos et des vidéos et des appareils favorisant la sédentarisation."
   }
  },
  {
   "type": "Feature",
   "geometry": {
    "type": "Point",
    "coordinates": [
     7.186745,
     43.660556
    ]
   },
   "properties": {
    "nom": "DIETA BARIA",
    "active": true,
    "logo": "dietabaria.jpg",
    "bariatrique": "oui",
    "adultes": "oui",
    "fiche": "| :fa-info:#A2368F:|**Identification**|\n| ---- | ---- |\n| :fa-map-o::#A2368F:|116 Rue du Commandant Gaston Cahuzac<br>06700 Saint-Laurent-du-Var|\n| :fa-envelope::#A2368F:|[Courriel](mailto:anneluciebillot@gmail.com<br>mcsabinen@yahoo.fr)|\n| :fa-chain::#A2368F:|[Site Web](https://dietabaria.fr/)|\n| :fa-mobile::#A2368F:|06 60 72 20 47 - 06 64 63 70 66|\n| :fa-users::#A2368F:|Public accepté : patients et accompagnante ayant un projet de chirurgie bariatrique|\n| :fa-circle-o-notch::#A2368F:|Mode d'échanges : réunions bimensuelles en présentiel et/ou en visio conférence|\n| :fa-tag::#A2368F:|Affiliation: CNAO|\n| :fa-external-link::#A2368F:|Partenariat avec : Institut Arnault TZANCK à St Laurent du Var|\n| :fa-certificate::#A2368F:|Agréments : intégrée dans le label Parcours PacO obtenu par l'Institut, en tant qu'étape incontournable|\n| :fa-user::#A2368F:|Composition: un Conseil d'Administration + un Conseil Scientifique (qui valide le contenu des interventions des animateurs) + une centaine d'adhérents|\n| :fa-gear::#A2368F:|W061015572|\n| :fa-calendar::#A2368F:|Enregistrée le 01/02/2022|\n| :fa-refresh::#A2368F:|Fiche Maj le 07/01/2025|\n\n** :fa-newspaper-o: Présentation de l'association**<br>\nElle a pour objet de diffuser les pratiques et recommandations émises par la Haute Autorité de Santé. Egalement informer, soutenir les patients en situation d'obésité et leurs proches tout en favorisant les échanges et le partage d'expériences. La coordination thérapeutique vise à améliorer la qualité de la prise en charge et la cohérence du parcours de soin."
   }
  },
  {
   "type": "Feature",
   "geometry": {
    "type": "Point",
    "coordinates": [
     55.300535,
     -20.942752
    ]
   },
   "properties": {
    "nom": "BOOST A LI",
    "active": true,
    "logo": "",
    "bariatrique": "oui",
    "adultes": "oui",
    "adolescents": "oui",
    "fiche": "| :fa-info:#A2368F:|**Identification**|\n| ---- | ---- |\n| :fa-map-o::#A2368F:|30 Avenue Lénine,<br>97420 Le Port|\n| :fa-envelope::#A2368F:|[Courriel](mailto:boostali97420@gmail.com)|\n| :fa-file-pdf-o:#A2368F:|[Brochure de l'association](https://drive.google.com/file/d/1HPFCiM6qgySgmuRCEiCXC0Cv24cFI5wZ/view?usp=sharing)|\n| :fa-facebook-official::#A2368F:|[FaceBook](https://www.facebook.com/p/Boost-%C3%A0-Li-100068869084179/)|\n| :fa-mobile::#A2368F:|06 93 85 93 73|\n| :fa-users::#A2368F:|Public accepté : Patients adultes ayant un projet de chirurgie bariatrique   (adolescent en projet)|\n| :fa-circle-o-notch::#A2368F:|Mode d'échanges : Réunion de groupe dans le parcours, téléphone,  face à face, messenger|\n| :fa-external-link::#A2368F:|Partenariat avec : clinique des hroquidées|\n| :fa-user::#A2368F:|Composition: Opérés et professionnels de santé bénévoles;<br>Deux personnes formées patient partenaire|\n| :fa-gear::#A2368F:|W9R4004108|\n| :fa-calendar::#A2368F:|Enregistrée le 15/10/2016|\n| :fa-refresh::#A2368F:|Fiche Maj le 24/03/2026|\n\n** :fa-newspaper-o: Présentation de l'association**<br>\nprise en charge des patients inclus dans le parcours bariatrique."
   }
  },
  {
   "type": "Feature",
   "geometry": {
    "type": "Point",
    "coordinates": [
     1.754765,
     45.260189
    ]
   },
   "properties": {
    "nom": "ASAPES 19",
    "active": true,
    "logo": "asapes.JPG",
    "fiche": "| :fa-info:#A2368F:|**Identification**|\n| ---- | ---- |\n| :fa-map-o::#A2368F:|36 avenue Alsace Lorraine<br>19000 TULLE|\n| :fa-envelope::#A2368F:|[Courriel](mailto:asapes19@gmail.com)|\n| :fa-facebook-official::#A2368F:|[FaceBook](https://www.facebook.com/p/Asapes19-100066716858187/)|\n| :fa-mobile::#A2368F:|06 10 358 97|\n| :fa-gear::#A2368F:|W192002034|\n| :fa-calendar::#A2368F:|Enregistrée le 06/04/2013|\n| :fa-refresh::#A2368F:|Fiche Maj le 07/2024|\n\n** :fa-newspaper-o: Présentation de l'association**<br>\napporter aide et soutien aux personnes en surpoids par des actions d'information, de formation, des ateliers pratiques ainsi que des activités physiques, intellectuelles et de loisirs."
   }
  },
  {
   "type": "Feature",
   "geometry": {
    "type": "Point",
    "coordinates": [
     -2.779684,
     47.64634
    ]
   },
   "properties": {
    "nom": "OBESITE BRETAGNE SUD (OBS)",
    "active": true,
    "logo": "OBS.png",
    "adultes": "oui",
    "fiche": "| :fa-info:#A2368F:|**Identification**|\n| ---- | ---- |\n| :fa-map-o::#A2368F:|Maison des associations<br>31 rue Guillaume Le Bartz<br>56000 VANNES|\n| :fa-envelope::#A2368F:|[Courriel](mailto:obesite.bretagne.sud@gmail.com)|\n| :fa-file-pdf-o:#A2368F:|[Brochure de l'association](https://drive.google.com/file/d/1oxPpk5JaAtcF9e4AvNfz3CiAQDfn5Ixk/view?usp=drive_link)|\n| :fa-mobile::#A2368F:|07 45 04 53 79|\n| :fa-users::#A2368F:|Public accepté : Adultes en situation de surpoids ou d'obésité (ainsi que leurs accompagnants)|\n| :fa-circle-o-notch::#A2368F:|Mode d'échanges : lors de réunions mensuelles, de sortie marche douce ainsi que par mail et par téléphone|\n| :fa-tag::#A2368F:|Affiliation: LCO|\n| :fa-external-link::#A2368F:|Partenariat avec : La clinique Océane et le CHBA (partenariat non officiel au niveau administratif mais nous travaillons en collaboration au quotidien)|\n| :fa-user::#A2368F:|Composition: Bénévoles|\n| :fa-gear::#A2368F:|W563000424|\n| :fa-calendar::#A2368F:|Enregistrée le 07/03/2009|\n| :fa-refresh::#A2368F:|Fiche Maj le 07/01/2026|\n\n** :fa-newspaper-o: Présentation de l'association**<br>\nAccueillir, informer, accompagner toutes les personnes concernées par le surpoids ou l'obésité lors de réunions mensuelles. Présence régulière de chirurgiens, psychologues, nutritionnistes, diététiciens, éducateurs sportifs APA, fournisseurs de produits spécifiques. Sortie marche douce une fois par mois."
   }
  },
  {
   "type": "Feature",
   "geometry": {
    "type": "Point",
    "coordinates": [
     4.770537,
     45.737557
    ]
   },
   "properties": {
    "nom": "LYON INFO OBÉSITÉ (LIO)",
    "active": true,
    "logo": "LIO.jpg",
    "bariatrique": "oui",
    "adultes": "oui",
    "pros_inclus": "oui",
    "fiche": "| :fa-info:#A2368F:|**Identification**|\n| ---- | ---- |\n| :fa-map-o::#A2368F:|8 rue du vieux pont<br>69340 FRANCHEVILLE|\n| :fa-envelope::#A2368F:|[Courriel](mailto:contact@lyoninfoobesite.fr)|\n| :fa-file-pdf-o:#A2368F:|[Brochure de l'association](https://drive.google.com/file/d/17KL1zcQfgWBGl8YfaCYa1OGCOrvFzZDZ/view?usp=drive_link)|\n| :fa-chain::#A2368F:|[Site Web](https://lyoninfoobesite.fr/)|\n| :fa-facebook-official::#A2368F:|[FaceBook](https://www.facebook.com/LyonInfoObesite)|\n| :fa-instagram::#A2368F:|[Instagram](https://www.instagram.com/lio.asso/)|\n| :fa-mobile::#A2368F:|06 29 27 29 88|\n| :fa-users::#A2368F:|Public accepté : adultes en obésité, aidants et professionnels|\n| :fa-circle-o-notch::#A2368F:|Mode d'échanges : Adultes|\n| :fa-external-link::#A2368F:|Partenariat avec : plusieurs centres|\n| :fa-user::#A2368F:|Composition: personnes avec une obésité, opérées ou non, professionnels de santé et aidants.|\n| :fa-gear::#A2368F:|W691101120|\n| :fa-calendar::#A2368F:|Enregistrée le 16/10/2019|\n| :fa-refresh::#A2368F:|Fiche Maj le 03/11/2025|\n\n** :fa-newspaper-o: Présentation de l'association**<br>\nLyon Info Obésité est une association créée par et pour des patients atteints d'obésité, leurs proches mais aussi tous les professionnels de santé qui ?uvrent chaque jour pour lutter contre cette pathologie complexe.<br>\n<br>\nAinsi, l'objectif de LIO est de réunir patients et professionnels pour faire circuler les (vraies) informations utiles sur tous les sujets qui touchent de près ou de loin l'obésité : de la définition médicale, ses causes, ses conséquences? à la chirurgie bariatrique en passant par la grossophobie.<br>\n<br>\nL'idée est donc de partager le maximum de connaissances pour pouvoir lutter tous ensemble contre l'obésité.\n\n**:fa-film:#A2368F: Vidéo de présentation de l'association**<br>\n!(https://youtu.be/UiYe1PCQMhw?si=jGN6yTMa5BoW6U2o)"
   }
  },
  {
   "type": "Feature",
   "geometry": {
    "type": "Point",
    "coordinates": [
     -1.107491,
     49.105492
    ]
   },
   "properties": {
    "nom": "AIDE A LA LUTTE CONTRE L'OBESITE (ALO)",
    "active": true,
    "logo": "ALO.png",
    "fiche": "| :fa-info:#A2368F:|**Identification**|\n| ---- | ---- |\n| :fa-map-o::#A2368F:|Hôpital Mémorial<br>715 rue dumant Henri<br>50000 SAINT LÔ|\n| :fa-envelope::#A2368F:|[Courriel](mailto:assosalo2@gmail.com)|\n| :fa-facebook-official::#A2368F:|[FaceBook](https://www.facebook.com/p/Association-alo-100070280023917/)|\n| :fa-mobile::#A2368F:|06 62 31 17 65|\n| :fa-tag::#A2368F:|Affiliation: LCO|\n| :fa-gear::#A2368F:|W504003166|\n| :fa-calendar::#A2368F:|Enregistrée le 25/01/2015|\n| :fa-refresh::#A2368F:|Fiche Maj le 07/2024|\n\n** :fa-newspaper-o: Présentation de l'association**<br>\naccompagnement des patients de la chirurgie de l'obésité ; information et communication sur la chirurgie de l'obésité."
   }
  },
  {
   "type": "Feature",
   "geometry": {
    "type": "Point",
    "coordinates": [
     -2.241849,
     47.26052
    ]
   },
   "properties": {
    "nom": "OBÉSITÉ LOIRE ATLANTIQUE (OLA)",
    "active": true,
    "logo": "OLA.png",
    "bariatrique": "oui",
    "adultes": "oui",
    "fiche": "| :fa-info:#A2368F:|**Identification**|\n| ---- | ---- |\n| :fa-map-o::#A2368F:|55 route de la cote d'amour<br>44600 Saint-Nazaire|\n| :fa-envelope::#A2368F:|[Courriel](mailto:associationola44@gmail.com)|\n| :fa-file-pdf-o:#A2368F:|[Brochure de l'association](https://drive.google.com/file/d/1sTkecm6Qwjme7vWLyb3_wauM17f1tjvI/view?usp=drive_link)|\n| :fa-chain::#A2368F:|[Site Web](https://www.associationola44.org/)|\n| :fa-mobile::#A2368F:|07 67 45 92 18<br>07 69 96 12 85|\n| :fa-users::#A2368F:|Public accepté : Toutes personnes à partir de 15/16 ans et adultes  en situation de surpoids et d'obésité qu'ils soient ou non en parcours de chirurgie Bariatrique. Conjoints bienvenus.|\n| :fa-circle-o-notch::#A2368F:|Mode d'échanges : Permanences bi-mensuelles le 1er mercredi du mois et 3 lundi du mois, cafés rencontre, mail, groupe privé fb|\n| :fa-tag::#A2368F:|Affiliation: LCO|\n| :fa-external-link::#A2368F:|Partenariat avec : La clinique de l'estuaire<br>Forums avec le Centre Hospitalier<br>Forums avec la Clinique de SSR de St Herblain LA Tourmaline|\n| :fa-certificate::#A2368F:|Agréments : référencés sur  le site ON Y VA de l' ARS|\n| :fa-user::#A2368F:|Composition: Bureau Bénévoles<br>et partenariat avec des professionnels de santé|\n| :fa-gear::#A2368F:|W443003140|\n| :fa-calendar::#A2368F:|Enregistrée le 31/05/2014|\n| :fa-refresh::#A2368F:|Fiche Maj le 11/01/2026|\n\n[++ Liste des adresses ++]<br>\n:fa-plus-square:#A2368F:[ 55 route de la cote d'amour 44600 Saint-Nazaire](app://moveTo?-2.241849,47.260520 Aller à Saint-Nazaire)<br>\n:fa-plus-square:#A2368F:[44500 La Baule-Escoublac](app://moveTo?-2.395011,47.282826 Aller à La Baule-Escoublac)<br>\n:fa-plus-square:#A2368F:[44117 Saint-André-des-Eaux](app://moveTo?-2.310594,47.313699 Aller à Saint-André-des-Eaux)<br>\n:fa-plus-square:#A2368F:[44550 Montoir-de-Bretagne](app://moveTo?-2.150183,47.327370 Aller à Montoir-de-Bretagne)<br>\n:fa-plus-square:#A2368F:[44380 Pornichet](app://moveTo?-2.340421,47.263500 Aller à Pornichet)<br>\n:fa-plus-square:#A2368F:[44410 Herbignac](app://moveTo?-2.315801,47.449572 Aller à Herbignac)<br>\n:fa-plus-square:#A2368F:[44250 Saint-Brevin-les-Pins](app://moveTo?-2.168017,47.247738 Aller à Saint-Brevin-les-Pins)<br>\n[----]\n\n**:fa-heart: lieu de nos activités**<br>\nGym ST NAZAIRE et LA BAULE <br>\nAquagym St ANDRE DES EAUX  DONGES et MONTOIR DE BRETAGNE <br>\nLonge Cöte  PORNICHET <br>\nÉquithérapie   HERBIGNAC <br>\nMarche nordique  sur tous les secteurs <br>\nAtelier cuisine    Montoir de BRETAGNE et ST ANDRE DES EAUX <br>\n Atelier socio esthétique ST NAZAIRE <br>\nGroupe de parole  ST BREVIN et SAINT NAZAIRE <br>\nEstime de soi  SAINT NAZAIRE <br>\nCafé rencontre  ST NAZAIRE<br>\nVide dressing  ST NAZAIRE\n\n** :fa-newspaper-o: Présentation de l'association**<br>\nNous acceptons toutes personnes en situation de surpoids et d'obésité qu'ils soient ou non en parcours de chirurgie Bariatrique.<br>\n<br>\nNous communiquons via les réseaux sociaux en interne et en externe , nous sommes référencés sur  le site ON Y VA de l' ARS  car nous avons des coachs sportifs APA, nous sommes connus dans les maisons de santé de la région , nous communiquons aussi par la presse locale , nous faisons deux permanences par mois 1er mercredi du mois et 3 lundi du mois  pour accueillir les personnes qui veulent se renseigner sur l'asso et éventuellement rejoindre celle ci, La clinique de l'estuaire distribue nos flyers aux personnes rentrant dans le parcours , nous sommes aussi référencé dans le guide des Assos de l'agglo.<br>\n<br>\nNous proposons des activités diverses Activités physiques APA, atelier autour de la nutrition et l'alimentation avec diététicienne, groupe de parole, relaxation et temps de parole, socio esthétique , vide dressing 2/fois par an, café rencontre 1 fois par mois , equithérapie, <br>\n<br>\nBien sur avec nos membres nous communiquons par mail, et via un groupe privé FB , nous avons aussi une page publique FB"
   }
  },
  {
   "type": "Feature",
   "geometry": {
    "type": "Point",
    "coordinates": [
     -2.395011,
     47.282826
    ]
   },
   "properties": {
    "nom": "OBÉSITÉ LOIRE ATLANTIQUE (OLA)",
    "active": true,
    "logo": "OLA.png",
    "bariatrique": "oui",
    "fiche": "| :fa-info:#A2368F:|**Identification**|\n| ---- | ---- |\n| :fa-map-o::#A2368F:|44500 La Baule-Escoublac|\n| :fa-file-pdf-o:#A2368F:|[Brochure de l'association](https://drive.google.com/file/d/1sTkecm6Qwjme7vWLyb3_wauM17f1tjvI/view?usp=drive_link)|\n| :fa-chain::#A2368F:|[Site Web](https://www.associationola44.org/)|\n| :fa-gear::#A2368F:|W443003140|\n\n[++ Liste des adresses ++]<br>\n:fa-plus-square:#A2368F:[ 55 route de la cote d'amour 44600 Saint-Nazaire](app://moveTo?-2.241849,47.260520 Aller à Saint-Nazaire)<br>\n:fa-plus-square:#A2368F:[44500 La Baule-Escoublac](app://moveTo?-2.395011,47.282826 Aller à La Baule-Escoublac)<br>\n:fa-plus-square:#A2368F:[44117 Saint-André-des-Eaux](app://moveTo?-2.310594,47.313699 Aller à Saint-André-des-Eaux)<br>\n:fa-plus-square:#A2368F:[44550 Montoir-de-Bretagne](app://moveTo?-2.150183,47.327370 Aller à Montoir-de-Bretagne)<br>\n:fa-plus-square:#A2368F:[44380 Pornichet](app://moveTo?-2.340421,47.263500 Aller à Pornichet)<br>\n:fa-plus-square:#A2368F:[44410 Herbignac](app://moveTo?-2.315801,47.449572 Aller à Herbignac)<br>\n:fa-plus-square:#A2368F:[44250 Saint-Brevin-les-Pins](app://moveTo?-2.168017,47.247738 Aller à Saint-Brevin-les-Pins)<br>\n[----]\n\n**:fa-heart: lieu de nos activités**<br>\nGym ST NAZAIRE et LA BAULE <br>\nAquagym St ANDRE DES EAUX  DONGES et MONTOIR DE BRETAGNE <br>\nLonge Cöte  PORNICHET <br>\nÉquithérapie   HERBIGNAC <br>\nMarche nordique  sur tous les secteurs <br>\nAtelier cuisine    Montoir de BRETAGNE et ST ANDRE DES EAUX <br>\n Atelier socio esthétique ST NAZAIRE <br>\nGroupe de parole  ST BREVIN et SAINT NAZAIRE <br>\nEstime de soi  SAINT NAZAIRE <br>\nCafé rencontre  ST NAZAIRE<br>\nVide dressing  ST NAZAIRE\n\n** :fa-newspaper-o: Présentation de l'association**<br>\nNous acceptons toutes personnes en situation de surpoids et d'obésité qu'ils soient ou non en parcours de chirurgie Bariatrique.<br>\n<br>\nNous communiquons via les réseaux sociaux en interne et en externe , nous sommes référencés sur  le site ON Y VA de l' ARS  car nous avons des coachs sportifs APA, nous sommes connus dans les maisons de santé de la région , nous communiquons aussi par la presse locale , nous faisons deux permanences par mois 1er mercredi du mois et 3 lundi du mois  pour accueillir les personnes qui veulent se renseigner sur l'asso et éventuellement rejoindre celle ci, La clinique de l'estuaire distribue nos flyers aux personnes rentrant dans le parcours , nous sommes aussi référencé dans le guide des Assos de l'agglo.<br>\n<br>\nNous proposons des activités diverses Activités physiques APA, atelier autour de la nutrition et l'alimentation avec diététicienne, groupe de parole, relaxation et temps de parole, socio esthétique , vide dressing 2/fois par an, café rencontre 1 fois par mois , equithérapie, <br>\n<br>\nBien sur avec nos membres nous communiquons par mail, et via un groupe privé FB , nous avons aussi une page publique FB"
   }
  },
  {
   "type": "Feature",
   "geometry": {
    "type": "Point",
    "coordinates": [
     -2.310594,
     47.313699
    ]
   },
   "properties": {
    "nom": "OBÉSITÉ LOIRE ATLANTIQUE (OLA)",
    "active": true,
    "logo": "OLA.png",
    "bariatrique": "oui",
    "fiche": "| :fa-info:#A2368F:|**Identification**|\n| ---- | ---- |\n| :fa-map-o::#A2368F:|44117 Saint-André-des-Eaux|\n| :fa-file-pdf-o:#A2368F:|[Brochure de l'association](https://drive.google.com/file/d/1sTkecm6Qwjme7vWLyb3_wauM17f1tjvI/view?usp=drive_link)|\n| :fa-chain::#A2368F:|[Site Web](https://www.associationola44.org/)|\n| :fa-gear::#A2368F:|W443003140|\n\n[++ Liste des adresses ++]<br>\n:fa-plus-square:#A2368F:[ 55 route de la cote d'amour 44600 Saint-Nazaire](app://moveTo?-2.241849,47.260520 Aller à Saint-Nazaire)<br>\n:fa-plus-square:#A2368F:[44500 La Baule-Escoublac](app://moveTo?-2.395011,47.282826 Aller à La Baule-Escoublac)<br>\n:fa-plus-square:#A2368F:[44117 Saint-André-des-Eaux](app://moveTo?-2.310594,47.313699 Aller à Saint-André-des-Eaux)<br>\n:fa-plus-square:#A2368F:[44550 Montoir-de-Bretagne](app://moveTo?-2.150183,47.327370 Aller à Montoir-de-Bretagne)<br>\n:fa-plus-square:#A2368F:[44380 Pornichet](app://moveTo?-2.340421,47.263500 Aller à Pornichet)<br>\n:fa-plus-square:#A2368F:[44410 Herbignac](app://moveTo?-2.315801,47.449572 Aller à Herbignac)<br>\n:fa-plus-square:#A2368F:[44250 Saint-Brevin-les-Pins](app://moveTo?-2.168017,47.247738 Aller à Saint-Brevin-les-Pins)<br>\n[----]\n\n**:fa-heart: lieu de nos activités**<br>\nGym ST NAZAIRE et LA BAULE <br>\nAquagym St ANDRE DES EAUX  DONGES et MONTOIR DE BRETAGNE <br>\nLonge Cöte  PORNICHET <br>\nÉquithérapie   HERBIGNAC <br>\nMarche nordique  sur tous les secteurs <br>\nAtelier cuisine    Montoir de BRETAGNE et ST ANDRE DES EAUX <br>\n Atelier socio esthétique ST NAZAIRE <br>\nGroupe de parole  ST BREVIN et SAINT NAZAIRE <br>\nEstime de soi  SAINT NAZAIRE <br>\nCafé rencontre  ST NAZAIRE<br>\nVide dressing  ST NAZAIRE\n\n** :fa-newspaper-o: Présentation de l'association**<br>\nNous acceptons toutes personnes en situation de surpoids et d'obésité qu'ils soient ou non en parcours de chirurgie Bariatrique.<br>\n<br>\nNous communiquons via les réseaux sociaux en interne et en externe , nous sommes référencés sur  le site ON Y VA de l' ARS  car nous avons des coachs sportifs APA, nous sommes connus dans les maisons de santé de la région , nous communiquons aussi par la presse locale , nous faisons deux permanences par mois 1er mercredi du mois et 3 lundi du mois  pour accueillir les personnes qui veulent se renseigner sur l'asso et éventuellement rejoindre celle ci, La clinique de l'estuaire distribue nos flyers aux personnes rentrant dans le parcours , nous sommes aussi référencé dans le guide des Assos de l'agglo.<br>\n<br>\nNous proposons des activités diverses Activités physiques APA, atelier autour de la nutrition et l'alimentation avec diététicienne, groupe de parole, relaxation et temps de parole, socio esthétique , vide dressing 2/fois par an, café rencontre 1 fois par mois , equithérapie, <br>\n<br>\nBien sur avec nos membres nous communiquons par mail, et via un groupe privé FB , nous avons aussi une page publique FB"
   }
  },
  {
   "type": "Feature",
   "geometry": {
    "type": "Point",
    "coordinates": [
     -2.150183,
     47.32737
    ]
   },
   "properties": {
    "nom": "OBÉSITÉ LOIRE ATLANTIQUE (OLA)",
    "active": true,
    "logo": "OLA.png",
    "bariatrique": "oui",
    "fiche": "| :fa-info:#A2368F:|**Identification**|\n| ---- | ---- |\n| :fa-map-o::#A2368F:|44550 Montoir-de-Bretagne|\n| :fa-file-pdf-o:#A2368F:|[Brochure de l'association](https://drive.google.com/file/d/1sTkecm6Qwjme7vWLyb3_wauM17f1tjvI/view?usp=drive_link)|\n| :fa-chain::#A2368F:|[Site Web](https://www.associationola44.org/)|\n| :fa-gear::#A2368F:|W443003140|\n\n[++ Liste des adresses ++]<br>\n:fa-plus-square:#A2368F:[ 55 route de la cote d'amour 44600 Saint-Nazaire](app://moveTo?-2.241849,47.260520 Aller à Saint-Nazaire)<br>\n:fa-plus-square:#A2368F:[44500 La Baule-Escoublac](app://moveTo?-2.395011,47.282826 Aller à La Baule-Escoublac)<br>\n:fa-plus-square:#A2368F:[44117 Saint-André-des-Eaux](app://moveTo?-2.310594,47.313699 Aller à Saint-André-des-Eaux)<br>\n:fa-plus-square:#A2368F:[44550 Montoir-de-Bretagne](app://moveTo?-2.150183,47.327370 Aller à Montoir-de-Bretagne)<br>\n:fa-plus-square:#A2368F:[44380 Pornichet](app://moveTo?-2.340421,47.263500 Aller à Pornichet)<br>\n:fa-plus-square:#A2368F:[44410 Herbignac](app://moveTo?-2.315801,47.449572 Aller à Herbignac)<br>\n:fa-plus-square:#A2368F:[44250 Saint-Brevin-les-Pins](app://moveTo?-2.168017,47.247738 Aller à Saint-Brevin-les-Pins)<br>\n[----]\n\n**:fa-heart: lieu de nos activités**<br>\nGym ST NAZAIRE et LA BAULE <br>\nAquagym St ANDRE DES EAUX  DONGES et MONTOIR DE BRETAGNE <br>\nLonge Cöte  PORNICHET <br>\nÉquithérapie   HERBIGNAC <br>\nMarche nordique  sur tous les secteurs <br>\nAtelier cuisine    Montoir de BRETAGNE et ST ANDRE DES EAUX <br>\n Atelier socio esthétique ST NAZAIRE <br>\nGroupe de parole  ST BREVIN et SAINT NAZAIRE <br>\nEstime de soi  SAINT NAZAIRE <br>\nCafé rencontre  ST NAZAIRE<br>\nVide dressing  ST NAZAIRE\n\n** :fa-newspaper-o: Présentation de l'association**<br>\nNous acceptons toutes personnes en situation de surpoids et d'obésité qu'ils soient ou non en parcours de chirurgie Bariatrique.<br>\n<br>\nNous communiquons via les réseaux sociaux en interne et en externe , nous sommes référencés sur  le site ON Y VA de l' ARS  car nous avons des coachs sportifs APA, nous sommes connus dans les maisons de santé de la région , nous communiquons aussi par la presse locale , nous faisons deux permanences par mois 1er mercredi du mois et 3 lundi du mois  pour accueillir les personnes qui veulent se renseigner sur l'asso et éventuellement rejoindre celle ci, La clinique de l'estuaire distribue nos flyers aux personnes rentrant dans le parcours , nous sommes aussi référencé dans le guide des Assos de l'agglo.<br>\n<br>\nNous proposons des activités diverses Activités physiques APA, atelier autour de la nutrition et l'alimentation avec diététicienne, groupe de parole, relaxation et temps de parole, socio esthétique , vide dressing 2/fois par an, café rencontre 1 fois par mois , equithérapie, <br>\n<br>\nBien sur avec nos membres nous communiquons par mail, et via un groupe privé FB , nous avons aussi une page publique FB"
   }
  },
  {
   "type": "Feature",
   "geometry": {
    "type": "Point",
    "coordinates": [
     -2.340421,
     47.2635
    ]
   },
   "properties": {
    "nom": "OBÉSITÉ LOIRE ATLANTIQUE (OLA)",
    "active": true,
    "logo": "OLA.png",
    "bariatrique": "oui",
    "fiche": "| :fa-info:#A2368F:|**Identification**|\n| ---- | ---- |\n| :fa-map-o::#A2368F:|44380 Pornichet|\n| :fa-file-pdf-o:#A2368F:|[Brochure de l'association](https://drive.google.com/file/d/1sTkecm6Qwjme7vWLyb3_wauM17f1tjvI/view?usp=drive_link)|\n| :fa-chain::#A2368F:|[Site Web](https://www.associationola44.org/)|\n| :fa-gear::#A2368F:|W443003140|\n\n[++ Liste des adresses ++]<br>\n:fa-plus-square:#A2368F:[ 55 route de la cote d'amour 44600 Saint-Nazaire](app://moveTo?-2.241849,47.260520 Aller à Saint-Nazaire)<br>\n:fa-plus-square:#A2368F:[44500 La Baule-Escoublac](app://moveTo?-2.395011,47.282826 Aller à La Baule-Escoublac)<br>\n:fa-plus-square:#A2368F:[44117 Saint-André-des-Eaux](app://moveTo?-2.310594,47.313699 Aller à Saint-André-des-Eaux)<br>\n:fa-plus-square:#A2368F:[44550 Montoir-de-Bretagne](app://moveTo?-2.150183,47.327370 Aller à Montoir-de-Bretagne)<br>\n:fa-plus-square:#A2368F:[44380 Pornichet](app://moveTo?-2.340421,47.263500 Aller à Pornichet)<br>\n:fa-plus-square:#A2368F:[44410 Herbignac](app://moveTo?-2.315801,47.449572 Aller à Herbignac)<br>\n:fa-plus-square:#A2368F:[44250 Saint-Brevin-les-Pins](app://moveTo?-2.168017,47.247738 Aller à Saint-Brevin-les-Pins)<br>\n[----]\n\n**:fa-heart: lieu de nos activités**<br>\nGym ST NAZAIRE et LA BAULE <br>\nAquagym St ANDRE DES EAUX  DONGES et MONTOIR DE BRETAGNE <br>\nLonge Cöte  PORNICHET <br>\nÉquithérapie   HERBIGNAC <br>\nMarche nordique  sur tous les secteurs <br>\nAtelier cuisine    Montoir de BRETAGNE et ST ANDRE DES EAUX <br>\n Atelier socio esthétique ST NAZAIRE <br>\nGroupe de parole  ST BREVIN et SAINT NAZAIRE <br>\nEstime de soi  SAINT NAZAIRE <br>\nCafé rencontre  ST NAZAIRE<br>\nVide dressing  ST NAZAIRE\n\n** :fa-newspaper-o: Présentation de l'association**<br>\nNous acceptons toutes personnes en situation de surpoids et d'obésité qu'ils soient ou non en parcours de chirurgie Bariatrique.<br>\n<br>\nNous communiquons via les réseaux sociaux en interne et en externe , nous sommes référencés sur  le site ON Y VA de l' ARS  car nous avons des coachs sportifs APA, nous sommes connus dans les maisons de santé de la région , nous communiquons aussi par la presse locale , nous faisons deux permanences par mois 1er mercredi du mois et 3 lundi du mois  pour accueillir les personnes qui veulent se renseigner sur l'asso et éventuellement rejoindre celle ci, La clinique de l'estuaire distribue nos flyers aux personnes rentrant dans le parcours , nous sommes aussi référencé dans le guide des Assos de l'agglo.<br>\n<br>\nNous proposons des activités diverses Activités physiques APA, atelier autour de la nutrition et l'alimentation avec diététicienne, groupe de parole, relaxation et temps de parole, socio esthétique , vide dressing 2/fois par an, café rencontre 1 fois par mois , equithérapie, <br>\n<br>\nBien sur avec nos membres nous communiquons par mail, et via un groupe privé FB , nous avons aussi une page publique FB"
   }
  },
  {
   "type": "Feature",
   "geometry": {
    "type": "Point",
    "coordinates": [
     -2.315801,
     47.449572
    ]
   },
   "properties": {
    "nom": "OBÉSITÉ LOIRE ATLANTIQUE (OLA)",
    "active": true,
    "logo": "OLA.png",
    "bariatrique": "oui",
    "fiche": "| :fa-info:#A2368F:|**Identification**|\n| ---- | ---- |\n| :fa-map-o::#A2368F:|44410 Herbignac|\n| :fa-file-pdf-o:#A2368F:|[Brochure de l'association](https://drive.google.com/file/d/1sTkecm6Qwjme7vWLyb3_wauM17f1tjvI/view?usp=drive_link)|\n| :fa-chain::#A2368F:|[Site Web](https://www.associationola44.org/)|\n| :fa-gear::#A2368F:|W443003140|\n\n[++ Liste des adresses ++]<br>\n:fa-plus-square:#A2368F:[ 55 route de la cote d'amour 44600 Saint-Nazaire](app://moveTo?-2.241849,47.260520 Aller à Saint-Nazaire)<br>\n:fa-plus-square:#A2368F:[44500 La Baule-Escoublac](app://moveTo?-2.395011,47.282826 Aller à La Baule-Escoublac)<br>\n:fa-plus-square:#A2368F:[44117 Saint-André-des-Eaux](app://moveTo?-2.310594,47.313699 Aller à Saint-André-des-Eaux)<br>\n:fa-plus-square:#A2368F:[44550 Montoir-de-Bretagne](app://moveTo?-2.150183,47.327370 Aller à Montoir-de-Bretagne)<br>\n:fa-plus-square:#A2368F:[44380 Pornichet](app://moveTo?-2.340421,47.263500 Aller à Pornichet)<br>\n:fa-plus-square:#A2368F:[44410 Herbignac](app://moveTo?-2.315801,47.449572 Aller à Herbignac)<br>\n:fa-plus-square:#A2368F:[44250 Saint-Brevin-les-Pins](app://moveTo?-2.168017,47.247738 Aller à Saint-Brevin-les-Pins)<br>\n[----]\n\n**:fa-heart: lieu de nos activités**<br>\nGym ST NAZAIRE et LA BAULE <br>\nAquagym St ANDRE DES EAUX  DONGES et MONTOIR DE BRETAGNE <br>\nLonge Cöte  PORNICHET <br>\nÉquithérapie   HERBIGNAC <br>\nMarche nordique  sur tous les secteurs <br>\nAtelier cuisine    Montoir de BRETAGNE et ST ANDRE DES EAUX <br>\n Atelier socio esthétique ST NAZAIRE <br>\nGroupe de parole  ST BREVIN et SAINT NAZAIRE <br>\nEstime de soi  SAINT NAZAIRE <br>\nCafé rencontre  ST NAZAIRE<br>\nVide dressing  ST NAZAIRE\n\n** :fa-newspaper-o: Présentation de l'association**<br>\nNous acceptons toutes personnes en situation de surpoids et d'obésité qu'ils soient ou non en parcours de chirurgie Bariatrique.<br>\n<br>\nNous communiquons via les réseaux sociaux en interne et en externe , nous sommes référencés sur  le site ON Y VA de l' ARS  car nous avons des coachs sportifs APA, nous sommes connus dans les maisons de santé de la région , nous communiquons aussi par la presse locale , nous faisons deux permanences par mois 1er mercredi du mois et 3 lundi du mois  pour accueillir les personnes qui veulent se renseigner sur l'asso et éventuellement rejoindre celle ci, La clinique de l'estuaire distribue nos flyers aux personnes rentrant dans le parcours , nous sommes aussi référencé dans le guide des Assos de l'agglo.<br>\n<br>\nNous proposons des activités diverses Activités physiques APA, atelier autour de la nutrition et l'alimentation avec diététicienne, groupe de parole, relaxation et temps de parole, socio esthétique , vide dressing 2/fois par an, café rencontre 1 fois par mois , equithérapie, <br>\n<br>\nBien sur avec nos membres nous communiquons par mail, et via un groupe privé FB , nous avons aussi une page publique FB"
   }
  },
  {
   "type": "Feature",
   "geometry": {
    "type": "Point",
    "coordinates": [
     -2.168017,
     47.247738
    ]
   },
   "properties": {
    "nom": "OBÉSITÉ LOIRE ATLANTIQUE (OLA)",
    "active": true,
    "logo": "OLA.png",
    "bariatrique": "oui",
    "fiche": "| :fa-info:#A2368F:|**Identification**|\n| ---- | ---- |\n| :fa-map-o::#A2368F:|44250 Saint-Brevin-les-Pins|\n| :fa-file-pdf-o:#A2368F:|[Brochure de l'association](https://drive.google.com/file/d/1sTkecm6Qwjme7vWLyb3_wauM17f1tjvI/view?usp=drive_link)|\n| :fa-chain::#A2368F:|[Site Web](https://www.associationola44.org/)|\n| :fa-gear::#A2368F:|W443003140|\n\n[++ Liste des adresses ++]<br>\n:fa-plus-square:#A2368F:[ 55 route de la cote d'amour 44600 Saint-Nazaire](app://moveTo?-2.241849,47.260520 Aller à Saint-Nazaire)<br>\n:fa-plus-square:#A2368F:[44500 La Baule-Escoublac](app://moveTo?-2.395011,47.282826 Aller à La Baule-Escoublac)<br>\n:fa-plus-square:#A2368F:[44117 Saint-André-des-Eaux](app://moveTo?-2.310594,47.313699 Aller à Saint-André-des-Eaux)<br>\n:fa-plus-square:#A2368F:[44550 Montoir-de-Bretagne](app://moveTo?-2.150183,47.327370 Aller à Montoir-de-Bretagne)<br>\n:fa-plus-square:#A2368F:[44380 Pornichet](app://moveTo?-2.340421,47.263500 Aller à Pornichet)<br>\n:fa-plus-square:#A2368F:[44410 Herbignac](app://moveTo?-2.315801,47.449572 Aller à Herbignac)<br>\n:fa-plus-square:#A2368F:[44250 Saint-Brevin-les-Pins](app://moveTo?-2.168017,47.247738 Aller à Saint-Brevin-les-Pins)<br>\n[----]\n\n**:fa-heart: lieu de nos activités**<br>\nGym ST NAZAIRE et LA BAULE <br>\nAquagym St ANDRE DES EAUX  DONGES et MONTOIR DE BRETAGNE <br>\nLonge Cöte  PORNICHET <br>\nÉquithérapie   HERBIGNAC <br>\nMarche nordique  sur tous les secteurs <br>\nAtelier cuisine    Montoir de BRETAGNE et ST ANDRE DES EAUX <br>\n Atelier socio esthétique ST NAZAIRE <br>\nGroupe de parole  ST BREVIN et SAINT NAZAIRE <br>\nEstime de soi  SAINT NAZAIRE <br>\nCafé rencontre  ST NAZAIRE<br>\nVide dressing  ST NAZAIRE\n\n** :fa-newspaper-o: Présentation de l'association**<br>\nNous acceptons toutes personnes en situation de surpoids et d'obésité qu'ils soient ou non en parcours de chirurgie Bariatrique.<br>\n<br>\nNous communiquons via les réseaux sociaux en interne et en externe , nous sommes référencés sur  le site ON Y VA de l' ARS  car nous avons des coachs sportifs APA, nous sommes connus dans les maisons de santé de la région , nous communiquons aussi par la presse locale , nous faisons deux permanences par mois 1er mercredi du mois et 3 lundi du mois  pour accueillir les personnes qui veulent se renseigner sur l'asso et éventuellement rejoindre celle ci, La clinique de l'estuaire distribue nos flyers aux personnes rentrant dans le parcours , nous sommes aussi référencé dans le guide des Assos de l'agglo.<br>\n<br>\nNous proposons des activités diverses Activités physiques APA, atelier autour de la nutrition et l'alimentation avec diététicienne, groupe de parole, relaxation et temps de parole, socio esthétique , vide dressing 2/fois par an, café rencontre 1 fois par mois , equithérapie, <br>\n<br>\nBien sur avec nos membres nous communiquons par mail, et via un groupe privé FB , nous avons aussi une page publique FB"
   }
  },
  {
   "type": "Feature",
   "geometry": {
    "type": "Point",
    "coordinates": [
     2.653245,
     48.79508
    ]
   },
   "properties": {
    "nom": "BRANCHES BIEN-ÊTRE",
    "active": true,
    "logo": "Branchesbienetre.jpg",
    "fiche": "| :fa-info:#A2368F:|**Identification**|\n| ---- | ---- |\n| :fa-map-o::#A2368F:|6 Rue Serment du jeu de Paume<br>77680 ROISSY EN BRIE|\n| :fa-envelope::#A2368F:|[Courriel](mailto:branchesbienetre.roissy@gmail.com)|\n| :fa-chain::#A2368F:|[Site Web](https://branchesbienetre.fr/)|\n| :fa-mobile::#A2368F:|06 08 87 70 92|\n| :fa-tag::#A2368F:|Affiliation: LCO|\n| :fa-gear::#A2368F:|W771018448|\n| :fa-calendar::#A2368F:|Enregistrée le 11/05/2019|\n| :fa-refresh::#A2368F:|Fiche Maj le 07/2024|\n\n** :fa-newspaper-o: Présentation de l'association**<br>\npromouvoir le bien-être ; permettre la pratique d'activités et améliorer la condition physique et psychologique des personnes ;"
   }
  },
  {
   "type": "Feature",
   "geometry": {
    "type": "Point",
    "coordinates": [
     -1.544523,
     43.460735
    ]
   },
   "properties": {
    "nom": "COCON 64",
    "active": true,
    "logo": "COCON64.png",
    "fiche": "| :fa-info:#A2368F:|**Identification**|\n| ---- | ---- |\n| :fa-map-o::#A2368F:|1 allée Maurice RAVEL\nBat A - Appart 16<br>64200 BIARRITZ|\n| :fa-envelope::#A2368F:|[Courriel](mailto:seignouretk@yahoo.fr)|\n| :fa-chain::#A2368F:|[Site Web](https://www.associationcocon64.org/)|\n| :fa-mobile::#A2368F:|06 82 73 26 76|\n| :fa-tag::#A2368F:|Affiliation: LCO|\n| :fa-gear::#A2368F:|W641012283|\n| :fa-calendar::#A2368F:|Enregistrée le 05/10/2019|\n| :fa-refresh::#A2368F:|Fiche Maj le 07/2024|\n\n** :fa-newspaper-o: Présentation de l'association**<br>\naider,accompagner,conseiller,soutenir les personnes ayants un problème de surpoids ou obèses qui souhaitent ou sont dans la démarche de trouver un équilibre physique et psychique; une acceptation de leur image"
   }
  },
  {
   "type": "Feature",
   "geometry": {
    "type": "Point",
    "coordinates": [
     -0.654699,
     44.845831
    ]
   },
   "properties": {
    "nom": "CEKIDIS",
    "active": true,
    "logo": "Cekidis.png",
    "fiche": "| :fa-info:#A2368F:|**Identification**|\n| ---- | ---- |\n| :fa-map-o::#A2368F:|Maison des associations<br>55 Avenue Marechal de lattre de Tassigny<br>33700 MÉRIGNAC|\n| :fa-envelope::#A2368F:|[Courriel](mailto:contact@cekidis.fr)|\n| :fa-chain::#A2368F:|[Site Web](https://www.cekidis.fr/)|\n| :fa-mobile::#A2368F:|06 35 67 85 69|\n| :fa-tag::#A2368F:|Affiliation: LCO|\n| :fa-gear::#A2368F:|W332012308|\n| :fa-calendar::#A2368F:|Enregistrée le 11/06/2011|\n| :fa-refresh::#A2368F:|Fiche Maj le 07/2024|\n\n** :fa-newspaper-o: Présentation de l'association**<br>\nrenforcer l'information, l'accompagnement et le soutien moral des patients qui seront suivis, en cours de suivi ou ayant été suivis pour un surpoids ou une obésité dans le service d'endocrinologie de l'hôpital Haut-Lévêque de Pessac (33) ainsi que toutes personnes concernées par le surpoids et l'obésité ; informer le public des possibilités de prise en charge de surpoids et de l'obésité à l'hôpital Haut-Lévêque ; rompre l'isolement des personnes en surpoids ou obèses en favorisant les rencontres, les échanges et la pratique d'activités en commun."
   }
  },
  {
   "type": "Feature",
   "geometry": {
    "type": "Point",
    "coordinates": [
     -1.040199,
     43.711721
    ]
   },
   "properties": {
    "nom": "CHRYSALIDES",
    "active": true,
    "logo": "Chrysalides.jpg",
    "fiche": "| :fa-info:#A2368F:|**Identification**|\n| ---- | ---- |\n| :fa-map-o::#A2368F:|Service obésité  Côte d'Argent<br>Blv. Yves du Manoir BP 323<br>40107 DAX CEDEX|\n| :fa-envelope::#A2368F:|[Courriel](mailto:assoc.chrysalides@gmail.com)|\n| :fa-facebook-official::#A2368F:|[FaceBook](https://www.facebook.com/people/Chrysalides/100064337903625/)|\n| :fa-mobile::#A2368F:|06 31 55 48 89|\n| :fa-tag::#A2368F:|Affiliation: LCO|\n| :fa-gear::#A2368F:|W401004730|\n| :fa-calendar::#A2368F:|Enregistrée le 25/01/2014|\n| :fa-refresh::#A2368F:|Fiche Maj le 10/2024|\n\n** :fa-newspaper-o: Présentation de l'association**<br>\nsoutenir et accompagner les personnes en surpoids ou l'ayant été ; proposer des activités sportives, artistiques et ludiques (marche, théâtre, conseils...) ainsi que des ateliers d'affirmation et de connaissance de soi, et tout autre atelier profitant aux adhérents."
   }
  },
  {
   "type": "Feature",
   "geometry": {
    "type": "Point",
    "coordinates": [
     5.963536,
     47.259625
    ]
   },
   "properties": {
    "nom": "ELISEA",
    "active": true,
    "logo": "ELISEA.jpg",
    "fiche": "| :fa-info:#A2368F:|**Identification**|\n| ---- | ---- |\n| :fa-map-o::#A2368F:|4 rue du château<br>25480 PIREY|\n| :fa-envelope::#A2368F:|[Courriel](mailto:Elisea25000@gmail.com)|\n| :fa-chain::#A2368F:|[Site Web](http://elisea.org)|\n| :fa-mobile::#A2368F:|06 60 34 80 54|\n| :fa-users::#A2368F:|Public accepté : Toutes personnes en obesite et proches|\n| :fa-circle-o-notch::#A2368F:|Mode d'échanges : <br>Groupes de parole<br>Permanences<br> activités physique adaptée alimentation naturopathie<br>Promotion santé vélo smoothie<br>Soirées ludiques|\n| :fa-certificate::#A2368F:|Agréments : Agrément avec parcours de soins de l'enfant à l'adulte label ARS<br>Centre acceuil étudiants stagiaires|\n| :fa-user::#A2368F:|Composition: Bureau composé que de patients<br>Dispense les formations de la fresque de l'obésité<br>Simimateur d'obésite<br>Coordinatrice CPTS|\n| :fa-gear::#A2368F:|W251003620|\n| :fa-calendar::#A2368F:|Enregistrée le 17/08/2013|\n| :fa-refresh::#A2368F:|Fiche Maj le 21/06/2026|\n\n** :fa-newspaper-o: Présentation de l'association**<br>\ninformer les personnes souffrant d'obésité sur les solutions opératoires, le suivi avant et après opération ; mise en place de réunions d'information, sorties sportives, amicales, échanges et groupe d'entraide."
   }
  },
  {
   "type": "Feature",
   "geometry": {
    "type": "Point",
    "coordinates": [
     2.402552,
     48.861497
    ]
   },
   "properties": {
    "nom": "LE CLUB DES NAÏADES",
    "active": true,
    "logo": "LeclubdesNaiades.png",
    "fiche": "| :fa-info:#A2368F:|**Identification**|\n| ---- | ---- |\n| :fa-map-o::#A2368F:|18-20 rue Ramus<br>\nMVAC20 BP47<br>75020 PARIS|\n| :fa-envelope::#A2368F:|[Courriel](mailto:clubdesnaiades@gmail.com)|\n| :fa-chain::#A2368F:|[Site Web](http://www.lesnaiades-asso.fr)|\n| :fa-mobile::#A2368F:|06 41 43 78 31|\n| :fa-tag::#A2368F:|Affiliation: LCO|\n| :fa-gear::#A2368F:|W913000969|\n| :fa-calendar::#A2368F:|Enregistrée le 16/05/2015|\n| :fa-refresh::#A2368F:|Fiche Maj le 10/03/2025|\n\n[++ Liste des adresses ++]<br>\n[-- Liste des adresses --]<br>\n:fa-plus-square:#A2368F:[18-20 rue Ramus 75020 PARIS](app://moveTo?2.402552,48.861497 Aller à PARIS rue Ramus)<br>\n:fa-plus-square:#A2368F:[Gymnase Archereau 61 Rue Archereau, 75019 PARIS](app://moveTo?2.375688,48.892788 Aller à PARIS Gymnase Archereau)<br>\n:fa-plus-square:#A2368F:[Gymnase Curial 84 Rue Curial, 75019 Paris](app://moveTo?2.374556,48.895042 Aller à PARIS Gymnase Curial)<br>\n:fa-plus-square:#A2368F:[Salle de sport Michelet Curial: 73 Rue Curial 84 Rue Curial, 75019 Paris](app://moveTo?2.373915,48.894627 Aller à PARIS Salle de sport Michelet Curial)<br>\n:fa-plus-square:#A2368F:[Bassin école Atlas 18 Rue de l'Atlas, 75019 Paris](app://moveTo?2.376587,48.875789 Aller à PARIS Bassin école Atlas)<br>\n:fa-plus-square:#A2368F:[Piscine Alfred Nakache : 4-12 Rue Denoyez, 75020 Paris](app://moveTo?2.378570,48.871504 Aller à PARIS Piscine Alfred Nakache)<br>\n:fa-plus-square:#A2368F:[Bassin école Vitruve 62 Rue Vitruve 75020 Paris](app://moveTo?2.399359,48.862350 Aller à PARIS Bassin école Vitruve)<br>\n:fa-plus-square:#A2368F:[Piscine Yvonne Godard 5/7 Rue Serpollet 75020 Paris](app://moveTo?2.410272,48.861273 Aller à PARIS Piscine Yvonne Godard)<br>\n:fa-plus-square:#A2368F:[Gymnase Louis Lumière 30 Rue Louis Lumière 75020 Paris](app://moveTo?2.411646,48.859262 Aller à PARIS Gymnase Louis Lumière)<br>\n:fa-plus-square:#A2368F:[Ecole Ramponeau 51 Rue Ramponeau 75020 Paris](app://moveTo?2.382345,48.872026 Aller à PARIS Ecole Ramponeau)<br>\n:fa-plus-square:#A2368F:[Piscine Emile Anthoine  9 Rue Jean Rey,\t 75015 Paris](app://moveTo?2.290736,48.855887 Aller à PARIS Piscine Emile Anthoine)<br>\n:fa-plus-square:#A2368F:[Bassin école Polytechnique 1 Rue Descartes, 75005 Paris](app://moveTo?2.348646,48.847591 Aller à PARIS Bassin école Polytechnique)<br>\n:fa-plus-square:#A2368F:[Gymnase Montaigne 17 Rue Auguste Comte, 75006 Paris](app://moveTo?2.334832,48.844202 Aller à PARIS Gymnase Montaigne)<br>\n[----]<br>\n[----]\n\n** :fa-newspaper-o: Présentation de l'association**<br>\nAssociation sportive aux personnes <br>\nActivités physiques adaptées (personnes en situation de surpoids et d'obésité)"
   }
  },
  {
   "type": "Feature",
   "geometry": {
    "type": "Point",
    "coordinates": [
     2.375688,
     48.892788
    ]
   },
   "properties": {
    "nom": "LE CLUB DES NAÏADES",
    "active": true,
    "logo": "LeclubdesNaiades.png",
    "fiche": "| :fa-info:#A2368F:|**Identification**|\n| ---- | ---- |\n| :fa-map-o::#A2368F:|Gymnase Archereau : 61 Rue Archereau,<br>75019 PARIS|\n| :fa-chain::#A2368F:|[Site Web](http://www.lesnaiades-asso.fr)|\n| :fa-mobile::#A2368F:|06 41 43 78 31|\n| :fa-tag::#A2368F:|Affiliation: LC2|\n| :fa-gear::#A2368F:|W913000969|\n| :fa-calendar::#A2368F:|Enregistrée le 16/05/2016|\n\n[++ Liste des adresses ++]<br>\n[-- Liste des adresses --]<br>\n:fa-plus-square:#A2368F:[18-20 rue Ramus 75020 PARIS](app://moveTo?2.402552,48.861497 Aller à PARIS rue Ramus)<br>\n:fa-plus-square:#A2368F:[Gymnase Archereau 61 Rue Archereau, 75019 PARIS](app://moveTo?2.375688,48.892788 Aller à PARIS Gymnase Archereau)<br>\n:fa-plus-square:#A2368F:[Gymnase Curial 84 Rue Curial, 75019 Paris](app://moveTo?2.374556,48.895042 Aller à PARIS Gymnase Curial)<br>\n:fa-plus-square:#A2368F:[Salle de sport Michelet Curial: 73 Rue Curial 84 Rue Curial, 75019 Paris](app://moveTo?2.373915,48.894627 Aller à PARIS Salle de sport Michelet Curial)<br>\n:fa-plus-square:#A2368F:[Bassin école Atlas 18 Rue de l'Atlas, 75019 Paris](app://moveTo?2.376587,48.875789 Aller à PARIS Bassin école Atlas)<br>\n:fa-plus-square:#A2368F:[Piscine Alfred Nakache : 4-12 Rue Denoyez, 75020 Paris](app://moveTo?2.378570,48.871504 Aller à PARIS Piscine Alfred Nakache)<br>\n:fa-plus-square:#A2368F:[Bassin école Vitruve 62 Rue Vitruve 75020 Paris](app://moveTo?2.399359,48.862350 Aller à PARIS Bassin école Vitruve)<br>\n:fa-plus-square:#A2368F:[Piscine Yvonne Godard 5/7 Rue Serpollet 75020 Paris](app://moveTo?2.410272,48.861273 Aller à PARIS Piscine Yvonne Godard)<br>\n:fa-plus-square:#A2368F:[Gymnase Louis Lumière 30 Rue Louis Lumière 75020 Paris](app://moveTo?2.411646,48.859262 Aller à PARIS Gymnase Louis Lumière)<br>\n:fa-plus-square:#A2368F:[Ecole Ramponeau 51 Rue Ramponeau 75020 Paris](app://moveTo?2.382345,48.872026 Aller à PARIS Ecole Ramponeau)<br>\n:fa-plus-square:#A2368F:[Piscine Emile Anthoine  9 Rue Jean Rey,\t 75015 Paris](app://moveTo?2.290736,48.855887 Aller à PARIS Piscine Emile Anthoine)<br>\n:fa-plus-square:#A2368F:[Bassin école Polytechnique 1 Rue Descartes, 75005 Paris](app://moveTo?2.348646,48.847591 Aller à PARIS Bassin école Polytechnique)<br>\n:fa-plus-square:#A2368F:[Gymnase Montaigne 17 Rue Auguste Comte, 75006 Paris](app://moveTo?2.334832,48.844202 Aller à PARIS Gymnase Montaigne)<br>\n[----]<br>\n[----]\n\n** :fa-newspaper-o: Présentation de l'association**<br>\nAssociation sportive aux personnes <br>\nActivités physiques adaptées (personnes en situation de surpoids et d'obésité)"
   }
  },
  {
   "type": "Feature",
   "geometry": {
    "type": "Point",
    "coordinates": [
     2.374556,
     48.895042
    ]
   },
   "properties": {
    "nom": "LE CLUB DES NAÏADES",
    "active": true,
    "logo": "LeclubdesNaiades.png",
    "fiche": "| :fa-info:#A2368F:|**Identification**|\n| ---- | ---- |\n| :fa-map-o::#A2368F:|Gymnase Curial : 84 Rue Curial, 75019 Paris<br>75019 PARIS|\n| :fa-chain::#A2368F:|[Site Web](http://www.lesnaiades-asso.fr)|\n| :fa-mobile::#A2368F:|06 41 43 78 31|\n| :fa-tag::#A2368F:|Affiliation: LC2|\n| :fa-gear::#A2368F:|W913000969|\n| :fa-calendar::#A2368F:|Enregistrée le 16/05/2016|\n\n[++ Liste des adresses ++]<br>\n[-- Liste des adresses --]<br>\n:fa-plus-square:#A2368F:[18-20 rue Ramus 75020 PARIS](app://moveTo?2.402552,48.861497 Aller à PARIS rue Ramus)<br>\n:fa-plus-square:#A2368F:[Gymnase Archereau 61 Rue Archereau, 75019 PARIS](app://moveTo?2.375688,48.892788 Aller à PARIS Gymnase Archereau)<br>\n:fa-plus-square:#A2368F:[Gymnase Curial 84 Rue Curial, 75019 Paris](app://moveTo?2.374556,48.895042 Aller à PARIS Gymnase Curial)<br>\n:fa-plus-square:#A2368F:[Salle de sport Michelet Curial: 73 Rue Curial 84 Rue Curial, 75019 Paris](app://moveTo?2.373915,48.894627 Aller à PARIS Salle de sport Michelet Curial)<br>\n:fa-plus-square:#A2368F:[Bassin école Atlas 18 Rue de l'Atlas, 75019 Paris](app://moveTo?2.376587,48.875789 Aller à PARIS Bassin école Atlas)<br>\n:fa-plus-square:#A2368F:[Piscine Alfred Nakache : 4-12 Rue Denoyez, 75020 Paris](app://moveTo?2.378570,48.871504 Aller à PARIS Piscine Alfred Nakache)<br>\n:fa-plus-square:#A2368F:[Bassin école Vitruve 62 Rue Vitruve 75020 Paris](app://moveTo?2.399359,48.862350 Aller à PARIS Bassin école Vitruve)<br>\n:fa-plus-square:#A2368F:[Piscine Yvonne Godard 5/7 Rue Serpollet 75020 Paris](app://moveTo?2.410272,48.861273 Aller à PARIS Piscine Yvonne Godard)<br>\n:fa-plus-square:#A2368F:[Gymnase Louis Lumière 30 Rue Louis Lumière 75020 Paris](app://moveTo?2.411646,48.859262 Aller à PARIS Gymnase Louis Lumière)<br>\n:fa-plus-square:#A2368F:[Ecole Ramponeau 51 Rue Ramponeau 75020 Paris](app://moveTo?2.382345,48.872026 Aller à PARIS Ecole Ramponeau)<br>\n:fa-plus-square:#A2368F:[Piscine Emile Anthoine  9 Rue Jean Rey,\t 75015 Paris](app://moveTo?2.290736,48.855887 Aller à PARIS Piscine Emile Anthoine)<br>\n:fa-plus-square:#A2368F:[Bassin école Polytechnique 1 Rue Descartes, 75005 Paris](app://moveTo?2.348646,48.847591 Aller à PARIS Bassin école Polytechnique)<br>\n:fa-plus-square:#A2368F:[Gymnase Montaigne 17 Rue Auguste Comte, 75006 Paris](app://moveTo?2.334832,48.844202 Aller à PARIS Gymnase Montaigne)<br>\n[----]<br>\n[----]\n\n** :fa-newspaper-o: Présentation de l'association**<br>\nAssociation sportive aux personnes <br>\nActivités physiques adaptées (personnes en situation de surpoids et d'obésité)"
   }
  },
  {
   "type": "Feature",
   "geometry": {
    "type": "Point",
    "coordinates": [
     2.373915,
     48.894627
    ]
   },
   "properties": {
    "nom": "LE CLUB DES NAÏADES",
    "active": true,
    "logo": "LeclubdesNaiades.png",
    "fiche": "| :fa-info:#A2368F:|**Identification**|\n| ---- | ---- |\n| :fa-map-o::#A2368F:|Salle de sport Michelet Curial : 73 Rue Curial<br>75019 PARIS|\n| :fa-chain::#A2368F:|[Site Web](http://www.lesnaiades-asso.fr)|\n| :fa-mobile::#A2368F:|06 41 43 78 31|\n| :fa-tag::#A2368F:|Affiliation: LC2|\n| :fa-gear::#A2368F:|W913000969|\n| :fa-calendar::#A2368F:|Enregistrée le 16/05/2015|\n\n[++ Liste des adresses ++]<br>\n[-- Liste des adresses --]<br>\n:fa-plus-square:#A2368F:[18-20 rue Ramus 75020 PARIS](app://moveTo?2.402552,48.861497 Aller à PARIS rue Ramus)<br>\n:fa-plus-square:#A2368F:[Gymnase Archereau 61 Rue Archereau, 75019 PARIS](app://moveTo?2.375688,48.892788 Aller à PARIS Gymnase Archereau)<br>\n:fa-plus-square:#A2368F:[Gymnase Curial 84 Rue Curial, 75019 Paris](app://moveTo?2.374556,48.895042 Aller à PARIS Gymnase Curial)<br>\n:fa-plus-square:#A2368F:[Salle de sport Michelet Curial: 73 Rue Curial 84 Rue Curial, 75019 Paris](app://moveTo?2.373915,48.894627 Aller à PARIS Salle de sport Michelet Curial)<br>\n:fa-plus-square:#A2368F:[Bassin école Atlas 18 Rue de l'Atlas, 75019 Paris](app://moveTo?2.376587,48.875789 Aller à PARIS Bassin école Atlas)<br>\n:fa-plus-square:#A2368F:[Piscine Alfred Nakache : 4-12 Rue Denoyez, 75020 Paris](app://moveTo?2.378570,48.871504 Aller à PARIS Piscine Alfred Nakache)<br>\n:fa-plus-square:#A2368F:[Bassin école Vitruve 62 Rue Vitruve 75020 Paris](app://moveTo?2.399359,48.862350 Aller à PARIS Bassin école Vitruve)<br>\n:fa-plus-square:#A2368F:[Piscine Yvonne Godard 5/7 Rue Serpollet 75020 Paris](app://moveTo?2.410272,48.861273 Aller à PARIS Piscine Yvonne Godard)<br>\n:fa-plus-square:#A2368F:[Gymnase Louis Lumière 30 Rue Louis Lumière 75020 Paris](app://moveTo?2.411646,48.859262 Aller à PARIS Gymnase Louis Lumière)<br>\n:fa-plus-square:#A2368F:[Ecole Ramponeau 51 Rue Ramponeau 75020 Paris](app://moveTo?2.382345,48.872026 Aller à PARIS Ecole Ramponeau)<br>\n:fa-plus-square:#A2368F:[Piscine Emile Anthoine  9 Rue Jean Rey,\t 75015 Paris](app://moveTo?2.290736,48.855887 Aller à PARIS Piscine Emile Anthoine)<br>\n:fa-plus-square:#A2368F:[Bassin école Polytechnique 1 Rue Descartes, 75005 Paris](app://moveTo?2.348646,48.847591 Aller à PARIS Bassin école Polytechnique)<br>\n:fa-plus-square:#A2368F:[Gymnase Montaigne 17 Rue Auguste Comte, 75006 Paris](app://moveTo?2.334832,48.844202 Aller à PARIS Gymnase Montaigne)<br>\n[----]<br>\n[----]\n\n** :fa-newspaper-o: Présentation de l'association**<br>\nAssociation sportive aux personnes <br>\nActivités physiques adaptées (personnes en situation de surpoids et d'obésité)"
   }
  },
  {
   "type": "Feature",
   "geometry": {
    "type": "Point",
    "coordinates": [
     2.376587,
     48.875789
    ]
   },
   "properties": {
    "nom": "LE CLUB DES NAÏADES",
    "active": true,
    "logo": "LeclubdesNaiades.png",
    "fiche": "| :fa-info:#A2368F:|**Identification**|\n| ---- | ---- |\n| :fa-map-o::#A2368F:|Bassin école Atlas :  18 Rue de l'Atlas,<br>75019 Paris|\n| :fa-chain::#A2368F:|[Site Web](http://www.lesnaiades-asso.fr)|\n| :fa-mobile::#A2368F:|06 41 43 78 31|\n| :fa-tag::#A2368F:|Affiliation: LC2|\n| :fa-gear::#A2368F:|W913000969|\n| :fa-calendar::#A2368F:|Enregistrée le 16/05/2016|\n\n[++ Liste des adresses ++]<br>\n[-- Liste des adresses --]<br>\n:fa-plus-square:#A2368F:[18-20 rue Ramus 75020 PARIS](app://moveTo?2.402552,48.861497 Aller à PARIS rue Ramus)<br>\n:fa-plus-square:#A2368F:[Gymnase Archereau 61 Rue Archereau, 75019 PARIS](app://moveTo?2.375688,48.892788 Aller à PARIS Gymnase Archereau)<br>\n:fa-plus-square:#A2368F:[Gymnase Curial 84 Rue Curial, 75019 Paris](app://moveTo?2.374556,48.895042 Aller à PARIS Gymnase Curial)<br>\n:fa-plus-square:#A2368F:[Salle de sport Michelet Curial: 73 Rue Curial 84 Rue Curial, 75019 Paris](app://moveTo?2.373915,48.894627 Aller à PARIS Salle de sport Michelet Curial)<br>\n:fa-plus-square:#A2368F:[Bassin école Atlas 18 Rue de l'Atlas, 75019 Paris](app://moveTo?2.376587,48.875789 Aller à PARIS Bassin école Atlas)<br>\n:fa-plus-square:#A2368F:[Piscine Alfred Nakache : 4-12 Rue Denoyez, 75020 Paris](app://moveTo?2.378570,48.871504 Aller à PARIS Piscine Alfred Nakache)<br>\n:fa-plus-square:#A2368F:[Bassin école Vitruve 62 Rue Vitruve 75020 Paris](app://moveTo?2.399359,48.862350 Aller à PARIS Bassin école Vitruve)<br>\n:fa-plus-square:#A2368F:[Piscine Yvonne Godard 5/7 Rue Serpollet 75020 Paris](app://moveTo?2.410272,48.861273 Aller à PARIS Piscine Yvonne Godard)<br>\n:fa-plus-square:#A2368F:[Gymnase Louis Lumière 30 Rue Louis Lumière 75020 Paris](app://moveTo?2.411646,48.859262 Aller à PARIS Gymnase Louis Lumière)<br>\n:fa-plus-square:#A2368F:[Ecole Ramponeau 51 Rue Ramponeau 75020 Paris](app://moveTo?2.382345,48.872026 Aller à PARIS Ecole Ramponeau)<br>\n:fa-plus-square:#A2368F:[Piscine Emile Anthoine  9 Rue Jean Rey,\t 75015 Paris](app://moveTo?2.290736,48.855887 Aller à PARIS Piscine Emile Anthoine)<br>\n:fa-plus-square:#A2368F:[Bassin école Polytechnique 1 Rue Descartes, 75005 Paris](app://moveTo?2.348646,48.847591 Aller à PARIS Bassin école Polytechnique)<br>\n:fa-plus-square:#A2368F:[Gymnase Montaigne 17 Rue Auguste Comte, 75006 Paris](app://moveTo?2.334832,48.844202 Aller à PARIS Gymnase Montaigne)<br>\n[----]<br>\n[----]\n\n** :fa-newspaper-o: Présentation de l'association**<br>\nAssociation sportive aux personnes <br>\nActivités physiques adaptées (personnes en situation de surpoids et d'obésité)"
   }
  },
  {
   "type": "Feature",
   "geometry": {
    "type": "Point",
    "coordinates": [
     2.37857,
     48.871504
    ]
   },
   "properties": {
    "nom": "LE CLUB DES NAÏADES",
    "active": true,
    "logo": "LeclubdesNaiades.png",
    "fiche": "| :fa-info:#A2368F:|**Identification**|\n| ---- | ---- |\n| :fa-map-o::#A2368F:|Piscine Alfred Nakache : 4-12 Rue Denoyez,<br>75020 Paris|\n| :fa-chain::#A2368F:|[Site Web](http://www.lesnaiades-asso.fr)|\n| :fa-mobile::#A2368F:|06 41 43 78 31|\n| :fa-tag::#A2368F:|Affiliation: LC2|\n| :fa-gear::#A2368F:|W913000969|\n| :fa-calendar::#A2368F:|Enregistrée le 16/05/2016|\n\n[++ Liste des adresses ++]<br>\n[-- Liste des adresses --]<br>\n:fa-plus-square:#A2368F:[18-20 rue Ramus 75020 PARIS](app://moveTo?2.402552,48.861497 Aller à PARIS rue Ramus)<br>\n:fa-plus-square:#A2368F:[Gymnase Archereau 61 Rue Archereau, 75019 PARIS](app://moveTo?2.375688,48.892788 Aller à PARIS Gymnase Archereau)<br>\n:fa-plus-square:#A2368F:[Gymnase Curial 84 Rue Curial, 75019 Paris](app://moveTo?2.374556,48.895042 Aller à PARIS Gymnase Curial)<br>\n:fa-plus-square:#A2368F:[Salle de sport Michelet Curial: 73 Rue Curial 84 Rue Curial, 75019 Paris](app://moveTo?2.373915,48.894627 Aller à PARIS Salle de sport Michelet Curial)<br>\n:fa-plus-square:#A2368F:[Bassin école Atlas 18 Rue de l'Atlas, 75019 Paris](app://moveTo?2.376587,48.875789 Aller à PARIS Bassin école Atlas)<br>\n:fa-plus-square:#A2368F:[Piscine Alfred Nakache : 4-12 Rue Denoyez, 75020 Paris](app://moveTo?2.378570,48.871504 Aller à PARIS Piscine Alfred Nakache)<br>\n:fa-plus-square:#A2368F:[Bassin école Vitruve 62 Rue Vitruve 75020 Paris](app://moveTo?2.399359,48.862350 Aller à PARIS Bassin école Vitruve)<br>\n:fa-plus-square:#A2368F:[Piscine Yvonne Godard 5/7 Rue Serpollet 75020 Paris](app://moveTo?2.410272,48.861273 Aller à PARIS Piscine Yvonne Godard)<br>\n:fa-plus-square:#A2368F:[Gymnase Louis Lumière 30 Rue Louis Lumière 75020 Paris](app://moveTo?2.411646,48.859262 Aller à PARIS Gymnase Louis Lumière)<br>\n:fa-plus-square:#A2368F:[Ecole Ramponeau 51 Rue Ramponeau 75020 Paris](app://moveTo?2.382345,48.872026 Aller à PARIS Ecole Ramponeau)<br>\n:fa-plus-square:#A2368F:[Piscine Emile Anthoine  9 Rue Jean Rey,\t 75015 Paris](app://moveTo?2.290736,48.855887 Aller à PARIS Piscine Emile Anthoine)<br>\n:fa-plus-square:#A2368F:[Bassin école Polytechnique 1 Rue Descartes, 75005 Paris](app://moveTo?2.348646,48.847591 Aller à PARIS Bassin école Polytechnique)<br>\n:fa-plus-square:#A2368F:[Gymnase Montaigne 17 Rue Auguste Comte, 75006 Paris](app://moveTo?2.334832,48.844202 Aller à PARIS Gymnase Montaigne)<br>\n[----]<br>\n[----]\n\n** :fa-newspaper-o: Présentation de l'association**<br>\nAssociation sportive aux personnes <br>\nActivités physiques adaptées (personnes en situation de surpoids et d'obésité)"
   }
  },
  {
   "type": "Feature",
   "geometry": {
    "type": "Point",
    "coordinates": [
     2.399359,
     48.86235
    ]
   },
   "properties": {
    "nom": "LE CLUB DES NAÏADES",
    "active": true,
    "logo": "LeclubdesNaiades.png",
    "fiche": "| :fa-info:#A2368F:|**Identification**|\n| ---- | ---- |\n| :fa-map-o::#A2368F:|Bassin école Vitruve :  62 Rue Vitruve<br>75020 Paris|\n| :fa-chain::#A2368F:|[Site Web](http://www.lesnaiades-asso.fr)|\n| :fa-mobile::#A2368F:|06 41 43 78 31|\n| :fa-tag::#A2368F:|Affiliation: LC2|\n| :fa-gear::#A2368F:|W913000969|\n| :fa-calendar::#A2368F:|Enregistrée le 16/05/2015|\n\n[++ Liste des adresses ++]<br>\n[-- Liste des adresses --]<br>\n:fa-plus-square:#A2368F:[18-20 rue Ramus 75020 PARIS](app://moveTo?2.402552,48.861497 Aller à PARIS rue Ramus)<br>\n:fa-plus-square:#A2368F:[Gymnase Archereau 61 Rue Archereau, 75019 PARIS](app://moveTo?2.375688,48.892788 Aller à PARIS Gymnase Archereau)<br>\n:fa-plus-square:#A2368F:[Gymnase Curial 84 Rue Curial, 75019 Paris](app://moveTo?2.374556,48.895042 Aller à PARIS Gymnase Curial)<br>\n:fa-plus-square:#A2368F:[Salle de sport Michelet Curial: 73 Rue Curial 84 Rue Curial, 75019 Paris](app://moveTo?2.373915,48.894627 Aller à PARIS Salle de sport Michelet Curial)<br>\n:fa-plus-square:#A2368F:[Bassin école Atlas 18 Rue de l'Atlas, 75019 Paris](app://moveTo?2.376587,48.875789 Aller à PARIS Bassin école Atlas)<br>\n:fa-plus-square:#A2368F:[Piscine Alfred Nakache : 4-12 Rue Denoyez, 75020 Paris](app://moveTo?2.378570,48.871504 Aller à PARIS Piscine Alfred Nakache)<br>\n:fa-plus-square:#A2368F:[Bassin école Vitruve 62 Rue Vitruve 75020 Paris](app://moveTo?2.399359,48.862350 Aller à PARIS Bassin école Vitruve)<br>\n:fa-plus-square:#A2368F:[Piscine Yvonne Godard 5/7 Rue Serpollet 75020 Paris](app://moveTo?2.410272,48.861273 Aller à PARIS Piscine Yvonne Godard)<br>\n:fa-plus-square:#A2368F:[Gymnase Louis Lumière 30 Rue Louis Lumière 75020 Paris](app://moveTo?2.411646,48.859262 Aller à PARIS Gymnase Louis Lumière)<br>\n:fa-plus-square:#A2368F:[Ecole Ramponeau 51 Rue Ramponeau 75020 Paris](app://moveTo?2.382345,48.872026 Aller à PARIS Ecole Ramponeau)<br>\n:fa-plus-square:#A2368F:[Piscine Emile Anthoine  9 Rue Jean Rey,\t 75015 Paris](app://moveTo?2.290736,48.855887 Aller à PARIS Piscine Emile Anthoine)<br>\n:fa-plus-square:#A2368F:[Bassin école Polytechnique 1 Rue Descartes, 75005 Paris](app://moveTo?2.348646,48.847591 Aller à PARIS Bassin école Polytechnique)<br>\n:fa-plus-square:#A2368F:[Gymnase Montaigne 17 Rue Auguste Comte, 75006 Paris](app://moveTo?2.334832,48.844202 Aller à PARIS Gymnase Montaigne)<br>\n[----]<br>\n[----]\n\n** :fa-newspaper-o: Présentation de l'association**<br>\nAssociation sportive aux personnes <br>\nActivités physiques adaptées (personnes en situation de surpoids et d'obésité)"
   }
  },
  {
   "type": "Feature",
   "geometry": {
    "type": "Point",
    "coordinates": [
     2.410272,
     48.861273
    ]
   },
   "properties": {
    "nom": "LE CLUB DES NAÏADES",
    "active": true,
    "logo": "LeclubdesNaiades.png",
    "fiche": "| :fa-info:#A2368F:|**Identification**|\n| ---- | ---- |\n| :fa-map-o::#A2368F:|Piscine Yvonne Godard : 5/7 Rue Serpollet<br>75020 Paris|\n| :fa-chain::#A2368F:|[Site Web](http://www.lesnaiades-asso.fr)|\n| :fa-mobile::#A2368F:|06 41 43 78 31|\n| :fa-tag::#A2368F:|Affiliation: LC2|\n| :fa-gear::#A2368F:|W913000969|\n| :fa-calendar::#A2368F:|Enregistrée le 16/05/2016|\n\n[++ Liste des adresses ++]<br>\n[-- Liste des adresses --]<br>\n:fa-plus-square:#A2368F:[18-20 rue Ramus 75020 PARIS](app://moveTo?2.402552,48.861497 Aller à PARIS rue Ramus)<br>\n:fa-plus-square:#A2368F:[Gymnase Archereau 61 Rue Archereau, 75019 PARIS](app://moveTo?2.375688,48.892788 Aller à PARIS Gymnase Archereau)<br>\n:fa-plus-square:#A2368F:[Gymnase Curial 84 Rue Curial, 75019 Paris](app://moveTo?2.374556,48.895042 Aller à PARIS Gymnase Curial)<br>\n:fa-plus-square:#A2368F:[Salle de sport Michelet Curial: 73 Rue Curial 84 Rue Curial, 75019 Paris](app://moveTo?2.373915,48.894627 Aller à PARIS Salle de sport Michelet Curial)<br>\n:fa-plus-square:#A2368F:[Bassin école Atlas 18 Rue de l'Atlas, 75019 Paris](app://moveTo?2.376587,48.875789 Aller à PARIS Bassin école Atlas)<br>\n:fa-plus-square:#A2368F:[Piscine Alfred Nakache : 4-12 Rue Denoyez, 75020 Paris](app://moveTo?2.378570,48.871504 Aller à PARIS Piscine Alfred Nakache)<br>\n:fa-plus-square:#A2368F:[Bassin école Vitruve 62 Rue Vitruve 75020 Paris](app://moveTo?2.399359,48.862350 Aller à PARIS Bassin école Vitruve)<br>\n:fa-plus-square:#A2368F:[Piscine Yvonne Godard 5/7 Rue Serpollet 75020 Paris](app://moveTo?2.410272,48.861273 Aller à PARIS Piscine Yvonne Godard)<br>\n:fa-plus-square:#A2368F:[Gymnase Louis Lumière 30 Rue Louis Lumière 75020 Paris](app://moveTo?2.411646,48.859262 Aller à PARIS Gymnase Louis Lumière)<br>\n:fa-plus-square:#A2368F:[Ecole Ramponeau 51 Rue Ramponeau 75020 Paris](app://moveTo?2.382345,48.872026 Aller à PARIS Ecole Ramponeau)<br>\n:fa-plus-square:#A2368F:[Piscine Emile Anthoine  9 Rue Jean Rey,\t 75015 Paris](app://moveTo?2.290736,48.855887 Aller à PARIS Piscine Emile Anthoine)<br>\n:fa-plus-square:#A2368F:[Bassin école Polytechnique 1 Rue Descartes, 75005 Paris](app://moveTo?2.348646,48.847591 Aller à PARIS Bassin école Polytechnique)<br>\n:fa-plus-square:#A2368F:[Gymnase Montaigne 17 Rue Auguste Comte, 75006 Paris](app://moveTo?2.334832,48.844202 Aller à PARIS Gymnase Montaigne)<br>\n[----]<br>\n[----]\n\n** :fa-newspaper-o: Présentation de l'association**<br>\nAssociation sportive aux personnes <br>\nActivités physiques adaptées (personnes en situation de surpoids et d'obésité)"
   }
  },
  {
   "type": "Feature",
   "geometry": {
    "type": "Point",
    "coordinates": [
     2.411646,
     48.859262
    ]
   },
   "properties": {
    "nom": "LE CLUB DES NAÏADES",
    "active": true,
    "logo": "LeclubdesNaiades.png",
    "fiche": "| :fa-info:#A2368F:|**Identification**|\n| ---- | ---- |\n| :fa-map-o::#A2368F:|Gymnase Louis Lumière : 30 Rue Louis Lumière<br>75020 Paris|\n| :fa-chain::#A2368F:|[Site Web](http://www.lesnaiades-asso.fr)|\n| :fa-mobile::#A2368F:|06 41 43 78 31|\n| :fa-tag::#A2368F:|Affiliation: LC2|\n| :fa-gear::#A2368F:|W913000969|\n| :fa-calendar::#A2368F:|Enregistrée le 16/05/2016|\n\n[++ Liste des adresses ++]<br>\n[-- Liste des adresses --]<br>\n:fa-plus-square:#A2368F:[18-20 rue Ramus 75020 PARIS](app://moveTo?2.402552,48.861497 Aller à PARIS rue Ramus)<br>\n:fa-plus-square:#A2368F:[Gymnase Archereau 61 Rue Archereau, 75019 PARIS](app://moveTo?2.375688,48.892788 Aller à PARIS Gymnase Archereau)<br>\n:fa-plus-square:#A2368F:[Gymnase Curial 84 Rue Curial, 75019 Paris](app://moveTo?2.374556,48.895042 Aller à PARIS Gymnase Curial)<br>\n:fa-plus-square:#A2368F:[Salle de sport Michelet Curial: 73 Rue Curial 84 Rue Curial, 75019 Paris](app://moveTo?2.373915,48.894627 Aller à PARIS Salle de sport Michelet Curial)<br>\n:fa-plus-square:#A2368F:[Bassin école Atlas 18 Rue de l'Atlas, 75019 Paris](app://moveTo?2.376587,48.875789 Aller à PARIS Bassin école Atlas)<br>\n:fa-plus-square:#A2368F:[Piscine Alfred Nakache : 4-12 Rue Denoyez, 75020 Paris](app://moveTo?2.378570,48.871504 Aller à PARIS Piscine Alfred Nakache)<br>\n:fa-plus-square:#A2368F:[Bassin école Vitruve 62 Rue Vitruve 75020 Paris](app://moveTo?2.399359,48.862350 Aller à PARIS Bassin école Vitruve)<br>\n:fa-plus-square:#A2368F:[Piscine Yvonne Godard 5/7 Rue Serpollet 75020 Paris](app://moveTo?2.410272,48.861273 Aller à PARIS Piscine Yvonne Godard)<br>\n:fa-plus-square:#A2368F:[Gymnase Louis Lumière 30 Rue Louis Lumière 75020 Paris](app://moveTo?2.411646,48.859262 Aller à PARIS Gymnase Louis Lumière)<br>\n:fa-plus-square:#A2368F:[Ecole Ramponeau 51 Rue Ramponeau 75020 Paris](app://moveTo?2.382345,48.872026 Aller à PARIS Ecole Ramponeau)<br>\n:fa-plus-square:#A2368F:[Piscine Emile Anthoine  9 Rue Jean Rey,\t 75015 Paris](app://moveTo?2.290736,48.855887 Aller à PARIS Piscine Emile Anthoine)<br>\n:fa-plus-square:#A2368F:[Bassin école Polytechnique 1 Rue Descartes, 75005 Paris](app://moveTo?2.348646,48.847591 Aller à PARIS Bassin école Polytechnique)<br>\n:fa-plus-square:#A2368F:[Gymnase Montaigne 17 Rue Auguste Comte, 75006 Paris](app://moveTo?2.334832,48.844202 Aller à PARIS Gymnase Montaigne)<br>\n[----]<br>\n[----]\n\n** :fa-newspaper-o: Présentation de l'association**<br>\nAssociation sportive aux personnes <br>\nActivités physiques adaptées (personnes en situation de surpoids et d'obésité)"
   }
  },
  {
   "type": "Feature",
   "geometry": {
    "type": "Point",
    "coordinates": [
     2.382345,
     48.872026
    ]
   },
   "properties": {
    "nom": "LE CLUB DES NAÏADES",
    "active": true,
    "logo": "LeclubdesNaiades.png",
    "fiche": "| :fa-info:#A2368F:|**Identification**|\n| ---- | ---- |\n| :fa-map-o::#A2368F:|Ecole Ramponeau : 51 Rue Ramponeau<br>75020 Paris|\n| :fa-chain::#A2368F:|[Site Web](http://www.lesnaiades-asso.fr)|\n| :fa-mobile::#A2368F:|06 41 43 78 31|\n| :fa-tag::#A2368F:|Affiliation: LC2|\n| :fa-gear::#A2368F:|W913000969|\n| :fa-calendar::#A2368F:|Enregistrée le 16/05/2015|\n\n[++ Liste des adresses ++]<br>\n[-- Liste des adresses --]<br>\n:fa-plus-square:#A2368F:[18-20 rue Ramus 75020 PARIS](app://moveTo?2.402552,48.861497 Aller à PARIS rue Ramus)<br>\n:fa-plus-square:#A2368F:[Gymnase Archereau 61 Rue Archereau, 75019 PARIS](app://moveTo?2.375688,48.892788 Aller à PARIS Gymnase Archereau)<br>\n:fa-plus-square:#A2368F:[Gymnase Curial 84 Rue Curial, 75019 Paris](app://moveTo?2.374556,48.895042 Aller à PARIS Gymnase Curial)<br>\n:fa-plus-square:#A2368F:[Salle de sport Michelet Curial: 73 Rue Curial 84 Rue Curial, 75019 Paris](app://moveTo?2.373915,48.894627 Aller à PARIS Salle de sport Michelet Curial)<br>\n:fa-plus-square:#A2368F:[Bassin école Atlas 18 Rue de l'Atlas, 75019 Paris](app://moveTo?2.376587,48.875789 Aller à PARIS Bassin école Atlas)<br>\n:fa-plus-square:#A2368F:[Piscine Alfred Nakache : 4-12 Rue Denoyez, 75020 Paris](app://moveTo?2.378570,48.871504 Aller à PARIS Piscine Alfred Nakache)<br>\n:fa-plus-square:#A2368F:[Bassin école Vitruve 62 Rue Vitruve 75020 Paris](app://moveTo?2.399359,48.862350 Aller à PARIS Bassin école Vitruve)<br>\n:fa-plus-square:#A2368F:[Piscine Yvonne Godard 5/7 Rue Serpollet 75020 Paris](app://moveTo?2.410272,48.861273 Aller à PARIS Piscine Yvonne Godard)<br>\n:fa-plus-square:#A2368F:[Gymnase Louis Lumière 30 Rue Louis Lumière 75020 Paris](app://moveTo?2.411646,48.859262 Aller à PARIS Gymnase Louis Lumière)<br>\n:fa-plus-square:#A2368F:[Ecole Ramponeau 51 Rue Ramponeau 75020 Paris](app://moveTo?2.382345,48.872026 Aller à PARIS Ecole Ramponeau)<br>\n:fa-plus-square:#A2368F:[Piscine Emile Anthoine  9 Rue Jean Rey,\t 75015 Paris](app://moveTo?2.290736,48.855887 Aller à PARIS Piscine Emile Anthoine)<br>\n:fa-plus-square:#A2368F:[Bassin école Polytechnique 1 Rue Descartes, 75005 Paris](app://moveTo?2.348646,48.847591 Aller à PARIS Bassin école Polytechnique)<br>\n:fa-plus-square:#A2368F:[Gymnase Montaigne 17 Rue Auguste Comte, 75006 Paris](app://moveTo?2.334832,48.844202 Aller à PARIS Gymnase Montaigne)<br>\n[----]<br>\n[----]\n\n** :fa-newspaper-o: Présentation de l'association**<br>\nAssociation sportive aux personnes <br>\nActivités physiques adaptées (personnes en situation de surpoids et d'obésité)"
   }
  },
  {
   "type": "Feature",
   "geometry": {
    "type": "Point",
    "coordinates": [
     2.290736,
     48.855887
    ]
   },
   "properties": {
    "nom": "LE CLUB DES NAÏADES",
    "active": true,
    "logo": "LeclubdesNaiades.png",
    "fiche": "| :fa-info:#A2368F:|**Identification**|\n| ---- | ---- |\n| :fa-map-o::#A2368F:|Piscine Emile Anthoine : 9 Rue Jean Rey,<br>75015 Paris|\n| :fa-chain::#A2368F:|[Site Web](http://www.lesnaiades-asso.fr)|\n| :fa-mobile::#A2368F:|06 41 43 78 31|\n| :fa-tag::#A2368F:|Affiliation: LC2|\n| :fa-gear::#A2368F:|W913000969|\n| :fa-calendar::#A2368F:|Enregistrée le 16/05/2016|\n\n[++ Liste des adresses ++]<br>\n[-- Liste des adresses --]<br>\n:fa-plus-square:#A2368F:[18-20 rue Ramus 75020 PARIS](app://moveTo?2.402552,48.861497 Aller à PARIS rue Ramus)<br>\n:fa-plus-square:#A2368F:[Gymnase Archereau 61 Rue Archereau, 75019 PARIS](app://moveTo?2.375688,48.892788 Aller à PARIS Gymnase Archereau)<br>\n:fa-plus-square:#A2368F:[Gymnase Curial 84 Rue Curial, 75019 Paris](app://moveTo?2.374556,48.895042 Aller à PARIS Gymnase Curial)<br>\n:fa-plus-square:#A2368F:[Salle de sport Michelet Curial: 73 Rue Curial 84 Rue Curial, 75019 Paris](app://moveTo?2.373915,48.894627 Aller à PARIS Salle de sport Michelet Curial)<br>\n:fa-plus-square:#A2368F:[Bassin école Atlas 18 Rue de l'Atlas, 75019 Paris](app://moveTo?2.376587,48.875789 Aller à PARIS Bassin école Atlas)<br>\n:fa-plus-square:#A2368F:[Piscine Alfred Nakache : 4-12 Rue Denoyez, 75020 Paris](app://moveTo?2.378570,48.871504 Aller à PARIS Piscine Alfred Nakache)<br>\n:fa-plus-square:#A2368F:[Bassin école Vitruve 62 Rue Vitruve 75020 Paris](app://moveTo?2.399359,48.862350 Aller à PARIS Bassin école Vitruve)<br>\n:fa-plus-square:#A2368F:[Piscine Yvonne Godard 5/7 Rue Serpollet 75020 Paris](app://moveTo?2.410272,48.861273 Aller à PARIS Piscine Yvonne Godard)<br>\n:fa-plus-square:#A2368F:[Gymnase Louis Lumière 30 Rue Louis Lumière 75020 Paris](app://moveTo?2.411646,48.859262 Aller à PARIS Gymnase Louis Lumière)<br>\n:fa-plus-square:#A2368F:[Ecole Ramponeau 51 Rue Ramponeau 75020 Paris](app://moveTo?2.382345,48.872026 Aller à PARIS Ecole Ramponeau)<br>\n:fa-plus-square:#A2368F:[Piscine Emile Anthoine  9 Rue Jean Rey,\t 75015 Paris](app://moveTo?2.290736,48.855887 Aller à PARIS Piscine Emile Anthoine)<br>\n:fa-plus-square:#A2368F:[Bassin école Polytechnique 1 Rue Descartes, 75005 Paris](app://moveTo?2.348646,48.847591 Aller à PARIS Bassin école Polytechnique)<br>\n:fa-plus-square:#A2368F:[Gymnase Montaigne 17 Rue Auguste Comte, 75006 Paris](app://moveTo?2.334832,48.844202 Aller à PARIS Gymnase Montaigne)<br>\n[----]<br>\n[----]\n\n** :fa-newspaper-o: Présentation de l'association**<br>\nAssociation sportive aux personnes <br>\nActivités physiques adaptées (personnes en situation de surpoids et d'obésité)"
   }
  },
  {
   "type": "Feature",
   "geometry": {
    "type": "Point",
    "coordinates": [
     2.348646,
     48.847591
    ]
   },
   "properties": {
    "nom": "LE CLUB DES NAÏADES",
    "active": true,
    "logo": "LeclubdesNaiades.png",
    "fiche": "| :fa-info:#A2368F:|**Identification**|\n| ---- | ---- |\n| :fa-map-o::#A2368F:|Bassin école Polytechnique : 1 Rue Descartes,<br>75005 Paris|\n| :fa-chain::#A2368F:|[Site Web](http://www.lesnaiades-asso.fr)|\n| :fa-mobile::#A2368F:|06 41 43 78 31|\n| :fa-tag::#A2368F:|Affiliation: LC2|\n| :fa-gear::#A2368F:|W913000969|\n| :fa-calendar::#A2368F:|Enregistrée le 16/05/2016|\n\n[++ Liste des adresses ++]<br>\n[-- Liste des adresses --]<br>\n:fa-plus-square:#A2368F:[18-20 rue Ramus 75020 PARIS](app://moveTo?2.402552,48.861497 Aller à PARIS rue Ramus)<br>\n:fa-plus-square:#A2368F:[Gymnase Archereau 61 Rue Archereau, 75019 PARIS](app://moveTo?2.375688,48.892788 Aller à PARIS Gymnase Archereau)<br>\n:fa-plus-square:#A2368F:[Gymnase Curial 84 Rue Curial, 75019 Paris](app://moveTo?2.374556,48.895042 Aller à PARIS Gymnase Curial)<br>\n:fa-plus-square:#A2368F:[Salle de sport Michelet Curial: 73 Rue Curial 84 Rue Curial, 75019 Paris](app://moveTo?2.373915,48.894627 Aller à PARIS Salle de sport Michelet Curial)<br>\n:fa-plus-square:#A2368F:[Bassin école Atlas 18 Rue de l'Atlas, 75019 Paris](app://moveTo?2.376587,48.875789 Aller à PARIS Bassin école Atlas)<br>\n:fa-plus-square:#A2368F:[Piscine Alfred Nakache : 4-12 Rue Denoyez, 75020 Paris](app://moveTo?2.378570,48.871504 Aller à PARIS Piscine Alfred Nakache)<br>\n:fa-plus-square:#A2368F:[Bassin école Vitruve 62 Rue Vitruve 75020 Paris](app://moveTo?2.399359,48.862350 Aller à PARIS Bassin école Vitruve)<br>\n:fa-plus-square:#A2368F:[Piscine Yvonne Godard 5/7 Rue Serpollet 75020 Paris](app://moveTo?2.410272,48.861273 Aller à PARIS Piscine Yvonne Godard)<br>\n:fa-plus-square:#A2368F:[Gymnase Louis Lumière 30 Rue Louis Lumière 75020 Paris](app://moveTo?2.411646,48.859262 Aller à PARIS Gymnase Louis Lumière)<br>\n:fa-plus-square:#A2368F:[Ecole Ramponeau 51 Rue Ramponeau 75020 Paris](app://moveTo?2.382345,48.872026 Aller à PARIS Ecole Ramponeau)<br>\n:fa-plus-square:#A2368F:[Piscine Emile Anthoine  9 Rue Jean Rey,\t 75015 Paris](app://moveTo?2.290736,48.855887 Aller à PARIS Piscine Emile Anthoine)<br>\n:fa-plus-square:#A2368F:[Bassin école Polytechnique 1 Rue Descartes, 75005 Paris](app://moveTo?2.348646,48.847591 Aller à PARIS Bassin école Polytechnique)<br>\n:fa-plus-square:#A2368F:[Gymnase Montaigne 17 Rue Auguste Comte, 75006 Paris](app://moveTo?2.334832,48.844202 Aller à PARIS Gymnase Montaigne)<br>\n[----]<br>\n[----]\n\n** :fa-newspaper-o: Présentation de l'association**<br>\nAssociation sportive aux personnes <br>\nActivités physiques adaptées (personnes en situation de surpoids et d'obésité)"
   }
  },
  {
   "type": "Feature",
   "geometry": {
    "type": "Point",
    "coordinates": [
     2.334832,
     48.844202
    ]
   },
   "properties": {
    "nom": "LE CLUB DES NAÏADES",
    "active": true,
    "logo": "LeclubdesNaiades.png",
    "fiche": "| :fa-info:#A2368F:|**Identification**|\n| ---- | ---- |\n| :fa-map-o::#A2368F:|Gymnase Montaigne : 17 Rue Auguste Comte,<br>75006 Paris|\n| :fa-chain::#A2368F:|[Site Web](http://www.lesnaiades-asso.fr)|\n| :fa-mobile::#A2368F:|06 41 43 78 31|\n| :fa-tag::#A2368F:|Affiliation: LC2|\n| :fa-gear::#A2368F:|W913000969|\n| :fa-calendar::#A2368F:|Enregistrée le 16/05/2016|\n\n[++ Liste des adresses ++]<br>\n[-- Liste des adresses --]<br>\n:fa-plus-square:#A2368F:[18-20 rue Ramus 75020 PARIS](app://moveTo?2.402552,48.861497 Aller à PARIS rue Ramus)<br>\n:fa-plus-square:#A2368F:[Gymnase Archereau 61 Rue Archereau, 75019 PARIS](app://moveTo?2.375688,48.892788 Aller à PARIS Gymnase Archereau)<br>\n:fa-plus-square:#A2368F:[Gymnase Curial 84 Rue Curial, 75019 Paris](app://moveTo?2.374556,48.895042 Aller à PARIS Gymnase Curial)<br>\n:fa-plus-square:#A2368F:[Salle de sport Michelet Curial: 73 Rue Curial 84 Rue Curial, 75019 Paris](app://moveTo?2.373915,48.894627 Aller à PARIS Salle de sport Michelet Curial)<br>\n:fa-plus-square:#A2368F:[Bassin école Atlas 18 Rue de l'Atlas, 75019 Paris](app://moveTo?2.376587,48.875789 Aller à PARIS Bassin école Atlas)<br>\n:fa-plus-square:#A2368F:[Piscine Alfred Nakache : 4-12 Rue Denoyez, 75020 Paris](app://moveTo?2.378570,48.871504 Aller à PARIS Piscine Alfred Nakache)<br>\n:fa-plus-square:#A2368F:[Bassin école Vitruve 62 Rue Vitruve 75020 Paris](app://moveTo?2.399359,48.862350 Aller à PARIS Bassin école Vitruve)<br>\n:fa-plus-square:#A2368F:[Piscine Yvonne Godard 5/7 Rue Serpollet 75020 Paris](app://moveTo?2.410272,48.861273 Aller à PARIS Piscine Yvonne Godard)<br>\n:fa-plus-square:#A2368F:[Gymnase Louis Lumière 30 Rue Louis Lumière 75020 Paris](app://moveTo?2.411646,48.859262 Aller à PARIS Gymnase Louis Lumière)<br>\n:fa-plus-square:#A2368F:[Ecole Ramponeau 51 Rue Ramponeau 75020 Paris](app://moveTo?2.382345,48.872026 Aller à PARIS Ecole Ramponeau)<br>\n:fa-plus-square:#A2368F:[Piscine Emile Anthoine  9 Rue Jean Rey,\t 75015 Paris](app://moveTo?2.290736,48.855887 Aller à PARIS Piscine Emile Anthoine)<br>\n:fa-plus-square:#A2368F:[Bassin école Polytechnique 1 Rue Descartes, 75005 Paris](app://moveTo?2.348646,48.847591 Aller à PARIS Bassin école Polytechnique)<br>\n:fa-plus-square:#A2368F:[Gymnase Montaigne 17 Rue Auguste Comte, 75006 Paris](app://moveTo?2.334832,48.844202 Aller à PARIS Gymnase Montaigne)<br>\n[----]<br>\n[----]\n\n** :fa-newspaper-o: Présentation de l'association**<br>\nAssociation sportive aux personnes <br>\nActivités physiques adaptées (personnes en situation de surpoids et d'obésité)"
   }
  },
  {
   "type": "Feature",
   "geometry": {
    "type": "Point",
    "coordinates": [
     -0.867836,
     47.057668
    ]
   },
   "properties": {
    "nom": "LE COCON",
    "active": true,
    "logo": "LECOCON.jpg",
    "fiche": "| :fa-info:#A2368F:|**Identification**|\n| ---- | ---- |\n| :fa-map-o::#A2368F:|Centre Social du Planty<br>55 rue du Planty<br>49300 CHOLET|\n| :fa-envelope::#A2368F:|[Courriel](mailto:lecocon49@gmail.com)|\n| :fa-chain::#A2368F:|[Site Web](https://www.lecocon-asso.com/)|\n| :fa-facebook-official::#A2368F:|[FaceBook](https://www.facebook.com/groups/lecocon/)|\n| :fa-mobile::#A2368F:|06 52 45 79 69|\n| :fa-tag::#A2368F:|Affiliation: LCO|\n| :fa-gear::#A2368F:|W492003451|\n| :fa-calendar::#A2368F:|Enregistrée le 14/03/2015|\n| :fa-refresh::#A2368F:|Fiche Maj le 07/2024|\n\n** :fa-newspaper-o: Présentation de l'association**<br>\naccompagner les personnes à se réconcilier avec leur image par le biais de divers ateliers ; pratiquer une activité sportive adaptée, régulière, de façon ludique et conviviale ; informer, sensibiliser un public ciblé aux problèmes liès à l'obésité ou au surpoids ; gérer l'association de façon désintéressée et démocratique."
   }
  },
  {
   "type": "Feature",
   "geometry": {
    "type": "Point",
    "coordinates": [
     1.339494,
     47.595031
    ]
   },
   "properties": {
    "nom": "LES AMIS D'OBÉLIX (LADO)",
    "active": true,
    "logo": "LADO.png",
    "bariatrique": "oui",
    "adultes": "oui",
    "fiche": "| :fa-info:#A2368F:|**Identification**|\n| ---- | ---- |\n| :fa-map-o::#A2368F:|3 rue Dessaignes<br>41000 BLOIS|\n| :fa-envelope::#A2368F:|[Courriel](mailto:ladobelix41@gmail.com)|\n| :fa-chain::#A2368F:|[Site Web](https://ladobelix41.wixsite.com/les-amis-d-obelix)|\n| :fa-facebook-official::#A2368F:|[FaceBook](https://www.facebook.com/share/g/1GNYzVTFkH/)|\n| :fa-chain::#A2368F:|[Autre](https://www.linkedin.com/in/les-amis-d-ob%C3%A9lix-menant-murielle-a90136313/)|\n| :fa-mobile::#A2368F:|06 01 68 27 95|\n| :fa-users::#A2368F:|Public accepté : Toutes personnes adultes en obésité et surpoids et famille|\n| :fa-circle-o-notch::#A2368F:|Mode d'échanges : Café rencontres une fois par mois|\n| :fa-tag::#A2368F:|Affiliation: LCO|\n| :fa-external-link::#A2368F:|Partenariat avec : service de chirurgie bariatrique du centre hospitalier Simone Veil de Blois|\n| :fa-certificate::#A2368F:|Agréments : Reconnue d'utilité publique|\n| :fa-user::#A2368F:|Composition: Bureau composé de patients exclusivement|\n| :fa-gear::#A2368F:|W413005689|\n| :fa-calendar::#A2368F:|Enregistrée le 12/09/2023|\n| :fa-refresh::#A2368F:|Fiche Maj le 31/03/2026|\n\n** :fa-newspaper-o: Présentation de l'association**<br>\nréunir et soutenir les personnes en situation d'obésité, ayant un projet de chirurgie bariatrique ou non, et les personnes déjà opérées, en vue d'un accompagnement non médicalisé dans leurs démarches"
   }
  },
  {
   "type": "Feature",
   "geometry": {
    "type": "Point",
    "coordinates": [
     0.304391,
     46.662379
    ]
   },
   "properties": {
    "nom": "LES GRAMMES INNÉS",
    "active": true,
    "logo": "LES GRAMMES INNES.png",
    "bariatrique": "oui",
    "fiche": "| :fa-info:#A2368F:|**Identification**|\n| ---- | ---- |\n| :fa-map-o::#A2368F:|5 rue de la Poste<br>86170 AVANTON|\n| :fa-envelope::#A2368F:|[Courriel](mailto:lesgrammesinnes@gmail.com)|\n| :fa-chain::#A2368F:|[Site Web](https://www.facebook.com/lesgrammesinnes/)|\n| :fa-mobile::#A2368F:|06 18 94 09 44|\n| :fa-tag::#A2368F:|Affiliation: LCO|\n| :fa-gear::#A2368F:|W863011069|\n| :fa-calendar::#A2368F:|Enregistrée le 12/01/2021|\n| :fa-refresh::#A2368F:|Fiche Maj le 22/10/2025|\n\n** :fa-newspaper-o: Présentation de l'association**<br>\ninformer, prévenir, soutenir et accompagner les personnes en situation de surpoids ou d'obésité comprenant également les personnes opérées d'une chirurgie bariatrique notamment pour leur partage d'expérience ; cette association propose de rompre l'isolement et d'organiser des activités diverses (sport, diététique, bien-être) , d'échanger dans des groupes de paroles et conférences ; l'association fait intervenir des professionnels de santé, sport, bien-être et diverses associations ;"
   }
  },
  {
   "type": "Feature",
   "geometry": {
    "type": "Point",
    "coordinates": [
     5.457188,
     43.531132
    ]
   },
   "properties": {
    "nom": "OBJECTIF NO COMPL'AIX",
    "active": true,
    "logo": "objectifnocomplaix.png",
    "bariatrique": "oui",
    "adultes": "oui",
    "fiche": "| :fa-info:#A2368F:|**Identification**|\n| ---- | ---- |\n| :fa-map-o::#A2368F:|Hôpital Privé de Provence, \nMaison Médicale de Santé, \n200 All. Nicolas de Staël,<br>13080 Aix-en-Provence  Ne pas écrire à cette adresse!|\n| :fa-envelope::#A2368F:|[Courriel](mailto:objectifnocomplaix@gmail.com)|\n| :fa-facebook-official::#A2368F:|[FaceBook](https://www.facebook.com/objectifnocomplaix)|\n| :fa-mobile::#A2368F:|07 52 04 40 55|\n| :fa-users::#A2368F:|Public accepté : Adultes et accompagnants uniquement|\n| :fa-circle-o-notch::#A2368F:|Mode d'échanges : Visio et présentiel, plus réseau sociaux|\n| :fa-tag::#A2368F:|Affiliation: LCO|\n| :fa-external-link::#A2368F:|Partenariat avec : COPAIX et Hôpital Privé de Provence (PP)|\n| :fa-user::#A2368F:|Composition: Bénévoles uniquement|\n| :fa-gear::#A2368F:|W131010664|\n| :fa-calendar::#A2368F:|Enregistrée le 04/06/2016|\n| :fa-refresh::#A2368F:|Fiche Maj le 10/01/2026|\n\n** :fa-newspaper-o: Présentation de l'association**<br>\nvenir en aide et soutenir les personnes souffrant d'obésité qui se destinent à une prise en charge médicale ou une chirurgie bariatrique."
   }
  },
  {
   "type": "Feature",
   "geometry": {
    "type": "Point",
    "coordinates": [
     5.195903,
     43.551056
    ]
   },
   "properties": {
    "nom": "OBJECTIF NO COMPL'AIX",
    "active": true,
    "logo": "objectifnocomplaix.png",
    "bariatrique": "oui",
    "fiche": "| :fa-info:#A2368F:|**Identification**|\n| ---- | ---- |\n| :fa-map-o::#A2368F:|13580 LA FARE LES OLIVIERS|\n| :fa-facebook-official::#A2368F:|[FaceBook](https://www.facebook.com/objectifnocomplaix)|\n| :fa-mobile::#A2368F:|07 52 04 40 55|\n| :fa-tag::#A2368F:|Affiliation: LC2|\n| :fa-gear::#A2368F:|W131010664|\n| :fa-calendar::#A2368F:|Enregistrée le 04/06/2016|\n\n** :fa-newspaper-o: Présentation de l'association**<br>\nvenir en aide et soutenir les personnes souffrant d'obésité qui se destinent à une prise en charge médicale ou une chirurgie bariatrique."
   }
  },
  {
   "type": "Feature",
   "geometry": {
    "type": "Point",
    "coordinates": [
     0.667112,
     47.387851
    ]
   },
   "properties": {
    "nom": "POIDS FORMES ET BIEN-ETRE",
    "active": true,
    "logo": "PoidsFormesbienetre.jpg",
    "fiche": "| :fa-info:#A2368F:|**Identification**|\n| ---- | ---- |\n| :fa-map-o::#A2368F:|Hôpital bretonneau<br>service de médecine interne nutrition,<br>2 boulevard Tonnelé\nBP 60923<br>37001 TOURS CEDEX 1|\n| :fa-envelope::#A2368F:|[Courriel](mailto:poids-formes-bien-etre@hotmail.fr)|\n| :fa-chain::#A2368F:|[Site Web](https://pfb37.com/)|\n| :fa-mobile::#A2368F:|06 73 46 45 96<br>(ne pas laisser de SMS)|\n| :fa-tag::#A2368F:|Affiliation: LCO|\n| :fa-gear::#A2368F:|W372011959|\n| :fa-calendar::#A2368F:|Enregistrée le 28/12/2013|\n| :fa-refresh::#A2368F:|Fiche Maj le 10/2024|\n\n** :fa-newspaper-o: Présentation de l'association**<br>\noffrir des temps d' échange et de partage aux patients en situation de surpoids ou d'obésité afin de favoriser leur bien-être."
   }
  },
  {
   "type": "Feature",
   "geometry": {
    "type": "Point",
    "coordinates": [
     3.028896,
     45.796562
    ]
   },
   "properties": {
    "nom": "VIVRE EN FAIM",
    "active": true,
    "logo": "Vivreenfaim.png",
    "fiche": "| :fa-info:#A2368F:|**Identification**|\n| ---- | ---- |\n| :fa-map-o::#A2368F:|104 route d'orcines<br>63870 ORCINES|\n| :fa-envelope::#A2368F:|[Courriel](mailto:vivreenfaim@laposte.net)|\n| :fa-facebook-official::#A2368F:|[FaceBook](https://www.facebook.com/p/Association-Vivre-En-Faim-100064813835469/)|\n| :fa-mobile::#A2368F:|06 88 83 98 26|\n| :fa-tag::#A2368F:|Affiliation: LCO|\n| :fa-gear::#A2368F:|W632007723|\n| :fa-calendar::#A2368F:|Enregistrée le 18/01/2000|\n| :fa-refresh::#A2368F:|Fiche Maj le 10/2024|\n\n** :fa-newspaper-o: Présentation de l'association**<br>\nrencontrer et soutenir des patients souffrant d'obésité."
   }
  },
  {
   "type": "Feature",
   "geometry": {
    "type": "Point",
    "coordinates": [
     -0.346133,
     43.323534
    ]
   },
   "properties": {
    "nom": "VIVRE EN FORMES",
    "active": true,
    "logo": "Vivreenformes.jpg",
    "fiche": "| :fa-info:#A2368F:|**Identification**|\n| ---- | ---- |\n| :fa-map-o::#A2368F:|4 rue du Pesquit<br>64000 PAU|\n| :fa-envelope::#A2368F:|[Courriel](mailto:asso.vivreenformes@gmail.com)|\n| :fa-chain::#A2368F:|[Site Web](https://vivreenformes.home.blog/)|\n| :fa-mobile::#A2368F:|06 77 33 56 05|\n| :fa-tag::#A2368F:|Affiliation: LCO|\n| :fa-gear::#A2368F:|W643006274|\n| :fa-calendar::#A2368F:|Enregistrée le 19/10/2013|\n| :fa-refresh::#A2368F:|Fiche Maj le 07/2024|\n\n** :fa-newspaper-o: Présentation de l'association**<br>\ntrouver des solutions pratiques et adaptées pour mieux vivre et mieux comprendre son obésité ou son surpoids en proposant des activités sportives, culinaires, de bien-être et toute autre activité susceptible d'améliorer la qualité de vie de cette population."
   }
  },
  {
   "type": "Feature",
   "geometry": {
    "type": "Point",
    "coordinates": [
     -4.424391,
     48.502085
    ]
   },
   "properties": {
    "nom": "OB'BREIZH",
    "active": true,
    "logo": "obbriezh.jpg",
    "bariatrique": "oui",
    "adultes": "oui",
    "fiche": "| :fa-info:#A2368F:|**Identification**|\n| ---- | ---- |\n| :fa-map-o::#A2368F:|Mairie de Plabennec<br>1 rue Pierre Jestin<br>29860 Plabennec|\n| :fa-envelope::#A2368F:|[Courriel](mailto:obbreizh@orange.fr)|\n| :fa-facebook-official::#A2368F:|[FaceBook](https://www.facebook.com/obbreizhchirurgiebariatriquebrest/)|\n| :fa-instagram::#A2368F:|[Instagram](https://www.instagram.com/ob.breizh/)|\n| :fa-mobile::#A2368F:|07 82 97 75 91|\n| :fa-users::#A2368F:|Public accepté : Adultes qui rentrent un parcours de chirurgie bariatrique et proches|\n| :fa-circle-o-notch::#A2368F:|Mode d'échanges : Groupes de paroles<br>Cours de sport adapté<br>soirées communes|\n| :fa-external-link::#A2368F:|Partenariat avec : CHP Brest - Keraudren<br> Clinique de la Baie de Morlaix|\n| :fa-user::#A2368F:|Composition: Patients bénévoles opérés ou non<br>Une patiente formée ETP|\n| :fa-gear::#A2368F:|W291006230|\n| :fa-calendar::#A2368F:|Enregistrée le 14/06/2014|\n| :fa-refresh::#A2368F:|Fiche Maj le 12/03/2026|\n\n** :fa-newspaper-o: Présentation de l'association**<br>\ninformer, aider, accompagner, partager les expériences et suivre les personnes opérées d'une chirurgie de l'obésité, l'organisation de réunions entre patients et les équipes pluri-disciplinaires médicales de Brest.<br>\n<br>\n- Sport adapté"
   }
  },
  {
   "type": "Feature",
   "geometry": {
    "type": "Point",
    "coordinates": [
     -4.48502,
     48.391311
    ]
   },
   "properties": {
    "nom": "OB'BREIZH",
    "active": true,
    "logo": "obbriezh.jpg",
    "fiche": "| :fa-info:#A2368F:|**Identification**|\n| ---- | ---- |\n| :fa-map-o::#A2368F:|29200 Brest|\n| :fa-gear::#A2368F:|W291006230|"
   }
  },
  {
   "type": "Feature",
   "geometry": {
    "type": "Point",
    "coordinates": [
     -3.828292,
     48.577632
    ]
   },
   "properties": {
    "nom": "OB'BREIZH",
    "active": true,
    "logo": "obbriezh.jpg",
    "fiche": "| :fa-info:#A2368F:|**Identification**|\n| ---- | ---- |\n| :fa-map-o::#A2368F:|29600 Morlaix|\n| :fa-gear::#A2368F:|W291006230|"
   }
  },
  {
   "type": "Feature",
   "geometry": {
    "type": "Point",
    "coordinates": [
     3.8544,
     43.612212
    ]
   },
   "properties": {
    "nom": "POIDS CHICHE",
    "active": true,
    "logo": "Poidschiche.png",
    "bariatrique": "oui",
    "adultes": "oui",
    "fiche": "| :fa-info:#A2368F:|**Identification**|\n| ---- | ---- |\n| :fa-map-o::#A2368F:|17 rue de clemenville<br>34090 montpellier|\n| :fa-envelope::#A2368F:|[Courriel](mailto:poidschiche.asso@gmail.com)|\n| :fa-chain::#A2368F:|[Site Web](https://association-poids-chiche.jimdosite.com/)|\n| :fa-mobile::#A2368F:|06 31 21 77 14|\n| :fa-users::#A2368F:|Public accepté : Adultes opéré ou non avec des proches<br>Locaux accessibles aux personnes à mobilité réduite|\n| :fa-circle-o-notch::#A2368F:|Mode d'échanges : Groupe de paroles <br>Groupe privé WhatsApp<br> activité physique adaptée - long côté|\n| :fa-tag::#A2368F:|Affiliation: LCO|\n| :fa-external-link::#A2368F:|Partenariat avec : CHU Montpellier|\n| :fa-user::#A2368F:|Composition: LE bureau n'est composé que de patient dont une patiente expert.|\n| :fa-gear::#A2368F:|W343030195|\n| :fa-calendar::#A2368F:|Enregistrée le 28/06/2022|\n| :fa-refresh::#A2368F:|Fiche Maj le 24/05/2026|\n\n** :fa-newspaper-o: Présentation de l'association**<br>\nréunir des personnes autour de problèmes de surpoids, d'obésités et des pathologies associées, pratiquer diverses activités sanitaires, sociales et sportives et dialoguer à Montpellier et sa métropole"
   }
  },
  {
   "type": "Feature",
   "geometry": {
    "type": "Point",
    "coordinates": [
     5.745433,
     45.199609
    ]
   },
   "properties": {
    "nom": "L'ENVOLÉE DU GEROM",
    "active": true,
    "logo": "ENVOLEE-DU-GEROM.jpg",
    "fiche": "| :fa-info:#A2368F:|**Identification**|\n| ---- | ---- |\n| :fa-map-o::#A2368F:|CHU GRENOBLE  Pavillon E, CS 10217<br>38043 GRENOBLE CEDEX 9|\n| :fa-envelope::#A2368F:|[Courriel](mailto:lenvoleedugerom@gmail.com)|\n| :fa-mobile::#A2368F:|07 44 96 36 15|\n| :fa-users::#A2368F:|Public accepté : Personnes inscrites dans le parcours GEROM du CHU de Grenoble et leurs proches (famille, amis...)|\n| :fa-circle-o-notch::#A2368F:|Mode d'échanges : Réunion témoignage mensuelle en présentiel|\n| :fa-external-link::#A2368F:|Partenariat avec : MSS-UNIS - 7 boulevard de la Chantourne - 38700 La Tronche|\n| :fa-user::#A2368F:|Composition: Bénévoles|\n| :fa-gear::#A2368F:|W381016294|\n| :fa-calendar::#A2368F:|Enregistrée le 14/02/2015|\n| :fa-refresh::#A2368F:|Fiche Maj le 15/01/2026|\n\n** :fa-newspaper-o: Présentation de l'association**<br>\nNotre association, dans l'optique d'un partage d'expériences, propose d'aider les personnes obèses à mieux vivre leur obésité, les problèmes qui lui sont liés et de les accompagner dans leurs réflexions et interrogations dans un cadre bienveillant en favorisant des rencontres autour d'activités communes.<br>\n<br>\nC'est pourquoi, nous vous proposons de vous accompagner avant, pendant et après votre parcours quels que soient vos choix ou interrogations sur le fait de vous faire opérer ou non, de vous diriger vers un accompagnement diététique ou un traitement médicamenteux?<br>\n<br>\nToujours dans la bienveillance et la convivialité, vous pouvez participer à :<br>\n<br>\n    Des rencontres témoignages (le 1er mercredi de chaque mois à partir de 18h)<br>\n<br>\nCes rencontres vous permettent d'échanger avec des personnes déjà opérées (ou sous traitement médicamenteux) et des personnes qui suivent le parcours comme vous. Dans un cadre bienveillant et sans tabou, vous pouvez aborder tous les sujets que vous souhaitez. Vos proches sont les bienvenus ! <br>\n<br>\n    Des séances d'Activité Physique Adaptée :<br>\n<br>\nLa reprise d'une activité physique est essentielle à la réussite de votre parcours. Aussi, nous vous proposons de participer à des séances animées par une coach spécialisée qui tient compte des contraintes physiques et des pathologies de chacun?.<br>\n<br>\n<br>\n    Pour toujours plus de convivialité, nous proposons des sorties :<br>\n<br>\nActives : randonnées, balades à pied ou à vélo...  Gustatives : restaurants, pique-nique?<br>\nCulturelles : musées, visite?<br>\n<br>\nRejoindre l'Envolée du GEROM c'est rejoindre des personnes qui vivent et/ou ont vécu les mêmes questionnements et difficultés que vous !"
   }
  },
  {
   "type": "Feature",
   "geometry": {
    "type": "Point",
    "coordinates": [
     2.270368,
     48.731284
    ]
   },
   "properties": {
    "nom": "POIDS PLUMES ILE DE FRANCE",
    "active": true,
    "logo": "PoidsPlumesFrance.png",
    "bariatrique": "oui",
    "fiche": "| :fa-info:#A2368F:|**Identification**|\n| ---- | ---- |\n| :fa-map-o::#A2368F:|91300 Massy|\n| :fa-envelope::#A2368F:|[Courriel](mailto:contact.lppf@gmail.com)|\n| :fa-chain::#A2368F:|[Site Web](https://www.poidsplumesfrance.com/)|\n| :fa-facebook-official::#A2368F:|[FaceBook](https://www.facebook.com/PoidsPlumesFrance/)|\n| :fa-mobile::#A2368F:|06 28 52 80 68<br>Permanence téléphonique les jeudis et vendredis|\n| :fa-tag::#A2368F:|Affiliation: LCO|\n| :fa-gear::#A2368F:|W921004462|\n| :fa-calendar::#A2368F:|Enregistrée le 07/01/2017|\n| :fa-refresh::#A2368F:|Fiche Maj le 10/2024|\n\n[++ Liste des adresses ++]<br>\n:fa-plus-square:#A2368F:[ POIDS PLUMES Ile de France 91300 Massy](app://moveTo?2.270368,48.731284 Aller à PLUMES Ile de France)<br>\n:fa-plus-square:#A2368F:[ POIDS PLUMES Hauts de France 02 Villiers Saint Denis](app://moveTo?3.267525,48.994034 Aller à PLUMES Hauts de France)<br>\n:fa-plus-square:#A2368F:|[ POIDS PLUMES Normandie 37 Bd Gambetta 76000 Rouen](app://moveTo?1.111201,49.441003 Aller à l POIDS PLUMES Normandie)<br>\n[----]\n\n** :fa-newspaper-o: Présentation de l'association**<br>\npartager l'expérience et le vécu des patients et de leur entourage, conseiller, aider, informer et apporter un soutien moral pour les patients en surcharge pondérale et en parcours obésité enfants, adolescents et adultes, dans leurs démarches et leurs questions ; chirurgie bariatrique, chirurgie réparatrice, techniques endoscopiques exemple ballon intra-gastrique suivi médical ; soutenir les patients dans leurs démarches ou leurs questions."
   }
  },
  {
   "type": "Feature",
   "geometry": {
    "type": "Point",
    "coordinates": [
     3.267525,
     48.994034
    ]
   },
   "properties": {
    "nom": "POIDS PLUMES HAUTS DE FRANCE",
    "active": true,
    "logo": "PoidsPlumesFrance.png",
    "bariatrique": "oui",
    "fiche": "| :fa-info:#A2368F:|**Identification**|\n| ---- | ---- |\n| :fa-map-o::#A2368F:|02 Villiers Saint Denis|\n| :fa-chain::#A2368F:|[Site Web](https://www.poidsplumesfrance.com/)|\n| :fa-facebook-official::#A2368F:|[FaceBook](https://www.facebook.com/PoidsPlumesFrance)|\n| :fa-mobile::#A2368F:|06 28 52 80 68|\n| :fa-tag::#A2368F:|Affiliation: LC2|\n| :fa-gear::#A2368F:|W921004462|\n| :fa-calendar::#A2368F:|Enregistrée le 07/01/2017|\n\n[++ Liste des adresses ++]<br>\n:fa-plus-square:#A2368F:[ POIDS PLUMES Ile de France 91300 Massy](app://moveTo?2.270368,48.731284 Aller à PLUMES Ile de France)<br>\n:fa-plus-square:#A2368F:[ POIDS PLUMES Hauts de France 02 Villiers Saint Denis](app://moveTo?3.267525,48.994034 Aller à PLUMES Hauts de France)<br>\n:fa-plus-square:#A2368F:|[ POIDS PLUMES Normandie 37 Bd Gambetta 76000 Rouen](app://moveTo?1.111201,49.441003 Aller à l POIDS PLUMES Normandie)<br>\n[----]\n\n** :fa-newspaper-o: Présentation de l'association**<br>\npartager l'expérience et le vécu des patients et de leur entourage, conseiller, aider, informer et apporter un soutien moral pour les patients en surcharge pondérale et en parcours obésité enfants, adolescents et adultes, dans leurs démarches et leurs questions ; chirurgie bariatrique, chirurgie réparatrice, techniques endoscopiques exemple ballon intra-gastrique suivi médical ; soutenir les patients dans leurs démarches ou leurs questions."
   }
  },
  {
   "type": "Feature",
   "geometry": {
    "type": "Point",
    "coordinates": [
     1.111201,
     49.441003
    ]
   },
   "properties": {
    "nom": "POIDS PLUMES NORMANDIE",
    "active": true,
    "logo": "PoidsPlumesFrance.png",
    "bariatrique": "oui",
    "fiche": "| :fa-info:#A2368F:|**Identification**|\n| ---- | ---- |\n| :fa-map-o::#A2368F:|37 Bd Gambetta<br>76000 Rouen|\n| :fa-facebook-official::#A2368F:|[FaceBook](https://www.facebook.com/PoidsPlumesFrance)|\n| :fa-mobile::#A2368F:|06 28 52 80 68|\n| :fa-tag::#A2368F:|Affiliation: LC2|\n| :fa-gear::#A2368F:|W921004462|\n| :fa-calendar::#A2368F:|Enregistrée le 07/01/2017|\n\n[++ Liste des adresses ++]<br>\n:fa-plus-square:#A2368F:[ POIDS PLUMES Ile de France 91300 Massy](app://moveTo?2.270368,48.731284 Aller à PLUMES Ile de France)<br>\n:fa-plus-square:#A2368F:[ POIDS PLUMES Hauts de France 02 Villiers Saint Denis](app://moveTo?3.267525,48.994034 Aller à PLUMES Hauts de France)<br>\n:fa-plus-square:#A2368F:|[ POIDS PLUMES Normandie 37 Bd Gambetta 76000 Rouen](app://moveTo?1.111201,49.441003 Aller à l POIDS PLUMES Normandie)<br>\n[----]\n\n** :fa-newspaper-o: Présentation de l'association**<br>\npartager l'expérience et le vécu des patients et de leur entourage, conseiller, aider, informer et apporter un soutien moral pour les patients en surcharge pondérale et en parcours obésité enfants, adolescents et adultes, dans leurs démarches et leurs questions ; chirurgie bariatrique, chirurgie réparatrice, techniques endoscopiques exemple ballon intra-gastrique suivi médical ; soutenir les patients dans leurs démarches ou leurs questions."
   }
  },
  {
   "type": "Feature",
   "geometry": {
    "type": "Point",
    "coordinates": [
     0.15792,
     48.035441
    ]
   },
   "properties": {
    "nom": "ENCOURAGE' MANS",
    "active": true,
    "logo": "Encouragemans.jpg",
    "bariatrique": "oui",
    "adultes": "oui",
    "fiche": "| :fa-info:#A2368F:|**Identification**|\n| ---- | ---- |\n| :fa-map-o::#A2368F:|16 rue de la Paille<br>72650 la Chapelle St Aubin?|\n| :fa-envelope::#A2368F:|[Courriel](mailto:encourage.mans@gmail.com)|\n| :fa-chain::#A2368F:|[Site Web](https://encouragemans.wordpress.com/contact/)|\n| :fa-facebook-official::#A2368F:|[FaceBook](https://www.facebook.com/encourage.mans/)|\n| :fa-mobile::#A2368F:|06 36 07 37 01|\n| :fa-users::#A2368F:|Public accepté : Adultes et proches|\n| :fa-circle-o-notch::#A2368F:|Mode d'échanges : Activité sportives, marches,<br>permances téléphone<br>permanence au centre chrysalide|\n| :fa-external-link::#A2368F:|Partenariat avec : Centre de l'obésité chrysalide|\n| :fa-user::#A2368F:|Composition: Bénévoles patients ou soutiens,<br>membre avec une formation en éducation thérapeutique du patient.|\n| :fa-gear::#A2368F:|W723004667|\n| :fa-calendar::#A2368F:|Enregistrée le - 25/01/2013|\n| :fa-refresh::#A2368F:|Fiche Maj le 23/03/2026|\n\n** :fa-newspaper-o: Présentation de l'association**<br>\nsoutenir, accompagner et informer des personnes en surpoids ou en obésité souhaitant subir une chirurgie bariatrique ou non ; cette association a pour but de permettre aux personnes obèses de sortir de leur isolement et de créer des liens sociaux ; des actions de prévention et de sensibilisation, d'information, des rencontres seront mises en place afin d'encourager ces personnes dans leurs démarches."
   }
  },
  {
   "type": "Feature",
   "geometry": {
    "type": "Point",
    "coordinates": [
     55.460738,
     -20.899904
    ]
   },
   "properties": {
    "nom": "HORIZON ÉQUILIBRE 974",
    "active": true,
    "logo": "HORIZON EQUILIBRE 974.jpg",
    "bariatrique": "oui",
    "fiche": "| :fa-info:#A2368F:|**Identification**|\n| ---- | ---- |\n| :fa-map-o::#A2368F:|66 boulevard de Saint François\nAppt 20 Bat B <br>Résidence les Tourtereaux<br>97400 Saint-Denis|\n| :fa-envelope::#A2368F:|[Courriel](mailto:horizonequilibre974@gmail.com)|\n| :fa-facebook-official::#A2368F:|[FaceBook](https://www.facebook.com/horizonequilibre974/)|\n| :fa-mobile::#A2368F:|06 93 31 11 11|\n| :fa-gear::#A2368F:|W9R1010327|\n| :fa-calendar::#A2368F:|Enregistrée le 20/06/2023|\n| :fa-refresh::#A2368F:|Fiche Maj le 07/2024|\n\n** :fa-newspaper-o: Présentation de l'association**<br>\nprévenir l'obésité et soutenir les patients ayant subi une chirurgie bariatrique à La Réunion, sensibiliser les jeunes et leurs parents à une alimentation saine et à l'importance de l'activité physique, proposer des accompagnements personnalisés pour les futurs et anciens patients opérés, favoriser l'adoption et le maintien d'un mode de vie sain, collaborer avec des professionnels de la santé et du sport pour élaborer et promouvoir des programmes adaptés à chaque tranche d'âge et à chaque situation, mettre en place des initiatives supplémentaires, telles que la mise à disposition d'un système d'échange de vêtements, l'organisation d'ateliers bien-être et la création d'une carte Pass Sleeve reconnue par les restaurants partenaires, organiser des interventions dans les écoles, des réunions mensuelles avec les futurs opérés et des rencontres entre futurs opérés et patients opérés ; faciliter les visites des opérés en cours, organiser des marches et randonnées, des pique-niques partage, des voyages, des dîners dansants, assurer une permanence téléphonique pour apporter un soutien et des informations aux personnes concernées, contribuer à une meilleure santé et qualité de vie de la population réunionnaise en devenant un acteur clé de la lutte contre l'obésité à La Réunion"
   }
  },
  {
   "type": "Feature",
   "geometry": {
    "type": "Point",
    "coordinates": [
     2.974164,
     50.651278
    ]
   },
   "properties": {
    "nom": "LA CH'TI SANTÉ",
    "active": true,
    "logo": "lach'tisante.png",
    "bariatrique": "oui",
    "adultes": "oui",
    "adolescents": "oui",
    "fiche": "| :fa-info:#A2368F:|**Identification**|\n| ---- | ---- |\n| :fa-map-o::#A2368F:|Hôpital Saint Philiberts<br> 115 Rue du Grand Buts<br> Hôpital de Jour Maladies Chronique<br>59160 Lille|\n| :fa-envelope::#A2368F:|[Courriel](mailto:la_chti_sante-59@orange.fr)|\n| :fa-facebook-official::#A2368F:|[FaceBook](https://www.facebook.com/groups/2597640200463268)|\n| :fa-mobile::#A2368F:|06 89 76 08 61<br>06 08 30 83 23|\n| :fa-users::#A2368F:|Public accepté : Adultes et mineurs (accompagnés d'une personne majeure) ayant autorité (opérés ou non opérés)|\n| :fa-circle-o-notch::#A2368F:|Mode d'échanges : Groupe FaceBook Réunion à Saint Philibert en présentiel  Calendrier diffusé à Saint Philibert|\n| :fa-external-link::#A2368F:|Partenariat avec : Plateforme Santé Douaisis   Centre Hospitalier d'Hazebrouck -1 Rue de l'Hôpital, 59190 Hazebrouck    Hôpital Saint Philibert 115 Rue du Grand But, 59160 Lille|\n| :fa-user::#A2368F:|Composition: Uniquement composée de patients|\n| :fa-gear::#A2368F:|W595036552|\n| :fa-calendar::#A2368F:|Enregistrée le 01/02/2020|\n| :fa-refresh::#A2368F:|Fiche Maj le 04/05/2026|\n\n** :fa-newspaper-o: Présentation de l'association**<br>\ninformer, conseiller et accompagner les personnes en obésité et/ou diabétiques dans leurs parcours de santé et, notamment, ceux souhaitant subir une chirurgie bariatrique ou non, ou dans le cadre d'un rééquilibrage alimentaire ; apporter un soutien actif, matériel, juridique ou psychologique ; de conseiller et d' informer sur la vie post opératoire et sur la chirurgie réparatrice ; aider les membres dans l' acceptation de soi ;mettre en rapport les membres entre eux afin de sortir de l' isolement lié à la maladie (groupe de parole, rencontre) , d'être une force de proposition auprès des instances publiques ou hospitalières en matière de santé publique ; initier et participer à la mise en place de moyens d'éducation et de diffusion dans les domaines de la santé et de la qualité de vie ; améliorer l'information et l'accueil des familles afin de défendre leurs intérêts matériels et moraux et leurs droits, en particulier leurs droits au respect de leurs personnes et à l'information"
   }
  },
  {
   "type": "Feature",
   "geometry": {
    "type": "Point",
    "coordinates": [
     2.540355,
     50.728792
    ]
   },
   "properties": {
    "nom": "LA CH'TI SANTÉ",
    "active": true,
    "logo": "lach'tisante.png",
    "fiche": "| :fa-info:#A2368F:|**Identification**|\n| ---- | ---- |\n| :fa-map-o::#A2368F:|Centre Hospitalier d'Hazebrouck<br>1 Rue de l'Hôpital<br>59190 Hazebrouck|"
   }
  },
  {
   "type": "Feature",
   "geometry": {
    "type": "Point",
    "coordinates": [
     -0.543377,
     44.847819
    ]
   },
   "properties": {
    "nom": "AQUITAINE OBÉSITÉ (AQOB)",
    "active": true,
    "logo": "AQOB.jpg",
    "fiche": "| :fa-info:#A2368F:|**Identification**|\n| ---- | ---- |\n| :fa-map-o::#A2368F:|50 rue Antoine Monier<br>33100 Bordeaux|\n| :fa-envelope::#A2368F:|[Courriel](mailto:Aquitaine.obesite.contact@gmail.com)|\n| :fa-facebook-official::#A2368F:|[FaceBook](https://www.facebook.com/aqob.aqitaine.obesite/)|\n| :fa-mobile::#A2368F:|06 61 34 29 21|\n| :fa-gear::#A2368F:|W332013740|\n| :fa-calendar::#A2368F:|Enregistrée le 11/04/2015|\n| :fa-refresh::#A2368F:|Fiche Maj le 07/2024|\n\n** :fa-newspaper-o: Présentation de l'association**<br>\ncette association a pour but de mener toute action en rapport avec l'information, la prévention, le traitement et le suivi de l'obésité. Que ce soit par des techniques chirurgicales, la nutrition, la mise en place d'activités physiques, l'éducation thérapeutique (par ex: activités physiques adaptées, éducations culinaires, relaxation, etc.) l'organisation et la participation à toutes manifestations liées à l'obésité. Et la participation à toute action de formation en rapport avec l'obésité et sa prise en charge, l'organisation et la participation aux manifestations sportives, la participation à la création, au développement, à l'utilisation d'outils ayant pour objet l'obésité sur tous supports de communication, l'accompagnement dans le cadre de la lutte contre l'obésité, notamment avec la proposition de différents ateliers thérapeutiques."
   }
  },
  {
   "type": "Feature",
   "geometry": {
    "type": "Point",
    "coordinates": [
     4.749489,
     44.557164
    ]
   },
   "properties": {
    "nom": "GROUPE D'ENTRAIDE CONTRE LE SURPOIDS ET L'OBESITE EN DROME ARDECHE (GECSO DROME ARDECHE)",
    "active": true,
    "logo": "GESCO.jpg",
    "adultes": "oui",
    "adolescents": "oui",
    "fiche": "| :fa-info:#A2368F:|**Identification**|\n| ---- | ---- |\n| :fa-map-o::#A2368F:|26200 Montelimar|\n| :fa-envelope::#A2368F:|[Courriel](mailto:contact.gecso@gmail.com)|\n| :fa-facebook-official::#A2368F:|[FaceBook](https://www.facebook.com/share/1Jc29ZB8Nm/)|\n| :fa-mobile::#A2368F:|06 88 03 60 77|\n| :fa-users::#A2368F:|Public accepté : Adultes et proches<br>Adolescents + 16 ans|\n| :fa-circle-o-notch::#A2368F:|Mode d'échanges : Réunions mensuelles au centre<br>Activités avec intervenants - sorties et marches|\n| :fa-external-link::#A2368F:|Partenariat avec : Espace Médical Nutrition & Obésité de Montélimar|\n| :fa-user::#A2368F:|Composition: Le bureau est exclusivement composé de patients.|\n| :fa-gear::#A2368F:|W262003541|\n| :fa-calendar::#A2368F:|Enregistrée le 04/11/2017|\n| :fa-refresh::#A2368F:|Fiche Maj le 24/05/2026|\n\n** :fa-newspaper-o: Présentation de l'association**<br>\nassociation de patients et de praticiens médicaux et paramédicaux dans le but d'accompagner et de donner des informations, des conseils aux personnes en surpoids et ou souffrant d'obésité"
   }
  },
  {
   "type": "Feature",
   "geometry": {
    "type": "Point",
    "coordinates": [
     4.866845,
     46.797675
    ]
   },
   "properties": {
    "nom": "PESE-PLUME 71",
    "active": true,
    "logo": "Peseplume71.png",
    "fiche": "| :fa-info:#A2368F:|**Identification**|\n| ---- | ---- |\n| :fa-map-o::#A2368F:|Maison des Association<br>Espace Jean Zay<br> 4 Rue Jules Ferry<br>71100 CHALON SUR SAONE|\n| :fa-envelope::#A2368F:|[Courriel](mailto:peseplume71@gmail.com)|\n| :fa-chain::#A2368F:|[Site Web](http://www.pese-plume71.com)|\n| :fa-facebook-official::#A2368F:|[FaceBook](https://www.facebook.com/peseplume)|\n| :fa-mobile::#A2368F:|07 81 13 01 93|\n| :fa-users::#A2368F:|Public accepté : Toutes personnes en situation d'obésité avec proches|\n| :fa-circle-o-notch::#A2368F:|Mode d'échanges : <br>Groupes de paroles<br>Activités physique adaptée avec un coach APA<br>Activités diététique|\n| :fa-external-link::#A2368F:|Partenariat avec : Centre Hospitalier William Morey - Chalon-sur-Saône.|\n| :fa-user::#A2368F:|Composition: Le bureau est composé exclusivement de patients|\n| :fa-gear::#A2368F:|W712004300|\n| :fa-calendar::#A2368F:|Enregistrée le 25/05/2013|\n| :fa-refresh::#A2368F:|Fiche Maj le 23/05/2026|\n\n** :fa-newspaper-o: Présentation de l'association**<br>\naider les personnes ayant des problèmes de surpoids/obésité ou qui sont confrontées à des troubles du comportement alimentaire."
   }
  },
  {
   "type": "Feature",
   "geometry": {
    "type": "Point",
    "coordinates": [
     55.409208,
     -21.286611
    ]
   },
   "properties": {
    "nom": "LE POIDS DES MOTS (APDM)",
    "active": true,
    "logo": "Poids Des Mots Apdm.jpg",
    "fiche": "| :fa-info:#A2368F:|**Identification**|\n| ---- | ---- |\n| :fa-map-o::#A2368F:|97450  Saint-Louis|\n| :fa-envelope::#A2368F:|[Courriel](mailto:apdm974@hotmail.fr)|\n| :fa-facebook-official::#A2368F:|[FaceBook](https://www.facebook.com/LePoidsDesMots)|\n| :fa-mobile::#A2368F:|06 92 27 16 42|\n| :fa-gear::#A2368F:|W9R4002160|\n| :fa-calendar::#A2368F:|Enregistrée le 12/06/2009|\n| :fa-refresh::#A2368F:|Fiche Maj le 07/2024|\n\n** :fa-newspaper-o: Présentation de l'association**<br>\naccompagner personnes en surcharge pondérale, ou plus généralement en difficulté avec leur poids dans leurs démarches administratives ; réduire inégalités en vue d'une intégration sociale (sport, loisirs etc) et insertion professionnelle ; sensibiliser population sur problème de l'obésité ; renforcer dépistage et actions de prévention auprès du public scolaire ; être force de proposition auprès des instances de santé publique ; venir en aider aux personnes en difficulté avec leur poids ou leur comportement alimentaire dans perspective médicale."
   }
  },
  {
   "type": "Feature",
   "geometry": {
    "type": "Point",
    "coordinates": [
     0.058022,
     43.215202
    ]
   },
   "properties": {
    "nom": "OBÉSIT'AIDE",
    "active": true,
    "logo": "Obesit'aide.jpg",
    "bariatrique": "oui",
    "fiche": "| :fa-info:#A2368F:|**Identification**|\n| ---- | ---- |\n| :fa-map-o::#A2368F:|5 impasse Pablo Picasso<br>65310 Odos|\n| :fa-envelope::#A2368F:|[Courriel](mailto:obesitaide@yahoo.com)|\n| :fa-facebook-official::#A2368F:|[FaceBook](https://www.facebook.com/groups/202025674960453/)|\n| :fa-mobile::#A2368F:|07 49 28 26 26|\n| :fa-gear::#A2368F:|W653008061|\n| :fa-calendar::#A2368F:|Enregistrée le 29/11/2022|\n| :fa-refresh::#A2368F:|Fiche Maj le 08/2024|\n\n** :fa-newspaper-o: Présentation de l'association**<br>\nsoutenir toute personne concernée ou sensibilisée à la cause de l'obésité ; Orienter les personnes vers la chirurgie bariatrique si la situation le nécessite ; Mettre en place des rencontres avec des professionnels sensibles à la cause ; Proposer un groupe de soutien et de parole entre membres ; Organiser des rencontres entre membres et leurs proches ; Assurer un suivi et coaching pré et post opératoire."
   }
  },
  {
   "type": "Feature",
   "geometry": {
    "type": "Point",
    "coordinates": [
     1.28506,
     45.817575
    ]
   },
   "properties": {
    "nom": "RONDISPORT 87",
    "active": true,
    "logo": "Rondisport87.png",
    "bariatrique": "oui",
    "fiche": "| :fa-info:#A2368F:|**Identification**|\n| ---- | ---- |\n| :fa-map-o::#A2368F:|CHEOPS - 55 rue de l'Ancienne Ecole Normale d'Instituteurs<br>87039 Limoges|\n| :fa-envelope::#A2368F:|[Courriel](mailto:rondisport87.limoges@gmail.com)|\n| :fa-facebook-official::#A2368F:|[FaceBook](https://www.facebook.com/Rondisport87)|\n| :fa-mobile::#A2368F:|06 62 64 19 59|\n| :fa-gear::#A2368F:|W872002609|\n| :fa-calendar::#A2368F:|Enregistrée le 10/04/2010|\n| :fa-refresh::#A2368F:|Fiche Maj le 10/2024|\n\n** :fa-newspaper-o: Présentation de l'association**<br>\naccompagner les patients futurs ou déjà bénéficiaires de la chirurgie bariatrique (du poids) ; organiser des activités physiques ou sportives adaptées aux adhérents."
   }
  },
  {
   "type": "Feature",
   "geometry": {
    "type": "Point",
    "coordinates": [
     1.541677,
     45.162872
    ]
   },
   "properties": {
    "nom": "RONDISPORT 19",
    "active": true,
    "logo": "Rondisport19.jpg",
    "bariatrique": "oui",
    "fiche": "| :fa-info:#A2368F:|**Identification**|\n| ---- | ---- |\n| :fa-map-o::#A2368F:|Maison des Sports,<br>8, avenue André Jalinat,<br>19100 Brive-la-Gaillarde|\n| :fa-envelope::#A2368F:|[Courriel](mailto:rondisport19@sfr.fr)|\n| :fa-chain::#A2368F:|[Site Web](http://rondisport19.blogspot.com/)|\n| :fa-facebook-official::#A2368F:|[FaceBook](https://www.facebook.com/RondisportBrive/)|\n| :fa-mobile::#A2368F:|06 14 73 05 21|\n| :fa-gear::#A2368F:|W191001499|\n| :fa-calendar::#A2368F:|Enregistrée le - 07/11/2009|\n| :fa-refresh::#A2368F:|Fiche Maj le 27/11/2025|\n\n** :fa-newspaper-o: Présentation de l'association**<br>\npermettre et promouvoir des activités physiques et sportives adaptées à des personnes atteintes de surpoids d'obésité ou ayant subit une chirurgie bariatrique."
   }
  },
  {
   "type": "Feature",
   "geometry": {
    "type": "Point",
    "coordinates": [
     -0.519879,
     43.882111
    ]
   },
   "properties": {
    "nom": "RONDISPORT 40",
    "active": true,
    "logo": "Rondisport40.jpg",
    "fiche": "| :fa-info:#A2368F:|**Identification**|\n| ---- | ---- |\n| :fa-map-o::#A2368F:|40280 Saint-Pierre-du-Mont|\n| :fa-envelope::#A2368F:|[Courriel](mailto:rondisport40@outlook.fr)|\n| :fa-facebook-official::#A2368F:|[FaceBook](https://www.facebook.com/profile.php?id=61562203808529)|\n| :fa-chain::#A2368F:|[Autre](https://www.discord.gg/9rGVXZFscX)|\n| :fa-mobile::#A2368F:|06 52 06 75 12|\n| :fa-gear::#A2368F:|W402009496|\n| :fa-calendar::#A2368F:|Enregistrée le 29/08/2023|\n| :fa-refresh::#A2368F:|Fiche Maj le 10/04/2025|\n\n** :fa-newspaper-o: Présentation de l'association**<br>\ntravailler ensemble dans la bienveillance à travers le sport et l'art"
   }
  },
  {
   "type": "Feature",
   "geometry": {
    "type": "Point",
    "coordinates": [
     1.203772,
     45.512495
    ]
   },
   "properties": {
    "nom": "RONDISPORT PAYS ARÉDIEN",
    "active": true,
    "logo": "RondisportAredien.png",
    "bariatrique": "oui",
    "fiche": "| :fa-info:#A2368F:|**Identification**|\n| ---- | ---- |\n| :fa-map-o::#A2368F:|Mairie, 45, boulevard de l'Hôtel de ville,<br>87500 Saint-Yrieix-la-Perche|\n| :fa-envelope::#A2368F:|[Courriel](mailto:rondisportpaysaredien@gmail.com)|\n| :fa-facebook-official::#A2368F:|[FaceBook](https://www.facebook.com/profile.php?id=61564641332065)|\n| :fa-mobile::#A2368F:|06 84 45 98 21|\n| :fa-gear::#A2368F:|W872011236|\n| :fa-calendar::#A2368F:|Enregistrée le 15/09/2019|\n| :fa-refresh::#A2368F:|Fiche Maj le 23/02/2025|\n\n** :fa-newspaper-o: Présentation de l'association**<br>\naccompagner les patients futurs ou déjà bénéficiaires de la chirurgie bariatrique (chirurgie du poids), les personnes désireuses de participer aux activités qui ont pour but la prévention de la sédentarité, de l'obésité et de ses complications, \"tout public\" fragilisé."
   }
  },
  {
   "type": "Feature",
   "geometry": {
    "type": "Point",
    "coordinates": [
     1.423093,
     46.63563
    ]
   },
   "properties": {
    "nom": "RONDISPORT 36 - SAINT GAULTIER",
    "active": true,
    "logo": "Rondiport36SaintGaultierThenay.jpg",
    "bariatrique": "oui",
    "fiche": "| :fa-info:#A2368F:|**Identification**|\n| ---- | ---- |\n| :fa-map-o::#A2368F:|Mairie, 9, place de l'Hôtel de Ville,<br>36800 Saint-Gaultier|\n| :fa-envelope::#A2368F:|[Courriel](mailto:rondisport36.saint.gaultier@laposte.net)|\n| :fa-facebook-official::#A2368F:|[FaceBook](https://www.facebook.com/groups/1871625746446048/)|\n| :fa-mobile::#A2368F:|06 81 31 92 82|\n| :fa-gear::#A2368F:|W361000891|\n| :fa-calendar::#A2368F:|Enregistrée le 08/01/2017|\n| :fa-refresh::#A2368F:|Fiche Maj le 29/01/2025|\n\n** :fa-newspaper-o: Présentation de l'association**<br>\naccompagner les patients allant ou ayant subi une chirurgie bariatrique, les personnes souhaitant prévenir la sédentarité, l'obésité et ses complications,tout public fragilisé,organiser des activités physiques, sportives ou éducatives et à visées thérapeutiques pour aider les adhérents à maintenir le meilleur état de santé et de bien être possible."
   }
  },
  {
   "type": "Feature",
   "geometry": {
    "type": "Point",
    "coordinates": [
     0.720767,
     45.181738
    ]
   },
   "properties": {
    "nom": "RONDISPORT 24",
    "active": true,
    "logo": "Rondisport24.jpg",
    "fiche": "| :fa-info:#A2368F:|**Identification**|\n| ---- | ---- |\n| :fa-map-o::#A2368F:|12 cours Fenelon<br>24000 Périgueux|\n| :fa-envelope::#A2368F:|[Courriel](mailto:rondisport24.px@gmail.com)|\n| :fa-facebook-official::#A2368F:|[FaceBook](https://www.facebook.com/profile.php?id=61573178706268)|\n| :fa-mobile::#A2368F:|06 18 70 26 78|\n| :fa-gear::#A2368F:|W243009966|\n| :fa-calendar::#A2368F:|Enregistrée le 16/07/2024|\n| :fa-refresh::#A2368F:|Fiche Maj le 01/03/2025|\n\n** :fa-newspaper-o: Présentation de l'association**<br>\nbouger, sortir de la sédentarité, bien être, bienveillance"
   }
  },
  {
   "type": "Feature",
   "geometry": {
    "type": "Point",
    "coordinates": [
     0.205051,
     45.714467
    ]
   },
   "properties": {
    "nom": "3.2.1 BOUGEONS",
    "active": true,
    "logo": "3.2.1 BOUGEONS.jpg",
    "bariatrique": "oui",
    "fiche": "| :fa-info:#A2368F:|**Identification**|\n| ---- | ---- |\n| :fa-map-o::#A2368F:|16430 Champniers|\n| :fa-envelope::#A2368F:|[Courriel](mailto:321bougeons@gmail.com)|\n| :fa-facebook-official::#A2368F:|[FaceBook](https://www.facebook.com/profile.php?id=61562594562671)|\n| :fa-instagram::#A2368F:|[Instagram](https://www.instagram.com/321bougeons/)|\n| :fa-mobile::#A2368F:|06 56 87 03 64|\n| :fa-gear::#A2368F:|W161005414|\n| :fa-calendar::#A2368F:|Enregistrée le 09/04/2016|\n| :fa-refresh::#A2368F:|Fiche Maj le 29/09/2024|\n\n** :fa-newspaper-o: Présentation de l'association**<br>\naccompagner toute personne souhaitant lutter contre la sédentarité et se remettre au sport progressivement et en groupe ; accompagner également les personnes opérées ou futures opérées dans le cadre de la chirurgie bariatrique ; mettre en place des moyens nécessaires à l'organisation d'activités physiques et ou sportives adaptées aux adhérents ou des activités autour du bien-être et de la nutrition ; organiser et coordonner toute activité ou information régulière ou ponctuelle, hors activité médicale et paramédicale, permettant d'aider chaque adhérent à maintenir le meilleur état de santé et de bien-être possible"
   }
  },
  {
   "type": "Feature",
   "geometry": {
    "type": "Point",
    "coordinates": [
     -52.296944,
     4.885843
    ]
   },
   "properties": {
    "nom": "ASSOCIATION GUYANE OBESITE",
    "active": true,
    "logo": "AGO.jpg",
    "fiche": "| :fa-info:#A2368F:|**Identification**|\n| ---- | ---- |\n| :fa-map-o::#A2368F:|28 rue Manaré<br>97354 Remire-Montjoly|\n| :fa-envelope::#A2368F:|[Courriel](mailto:Associationguyane.obesite@gmail.com)|\n| :fa-facebook-official::#A2368F:|[FaceBook](https://www.facebook.com/profile.php?id=61559218485980)|\n| :fa-mobile::#A2368F:|06 94 99 00 20|\n| :fa-gear::#A2368F:|W9C1009423|\n| :fa-calendar::#A2368F:|Enregistrée le 26/03/2024|\n| :fa-refresh::#A2368F:|Fiche Maj le 10/2024|\n\n** :fa-newspaper-o: Présentation de l'association**<br>\naccompagner et soutenir des personnes en surcharge pondérale obésité mettre en place des projets autour du poids création d espaces d'écoute et des échanges d'expériences sensibiliser au rôle joue par la nutrition et l'activité physique comme facteurs de protection contre les risques de l'obésité prévenir et éduquer le plus tôt possible contre les risques de l obésité organiser des événements des formations des stages en lien avec l objet faire le lien avec d autres institutions et associations."
   }
  },
  {
   "type": "Feature",
   "geometry": {
    "type": "Point",
    "coordinates": [
     2.464561,
     48.797697
    ]
   },
   "properties": {
    "nom": "ASSOCIATION AVANT APRÈS DE LA CHIRURGIE DE L'OBÉSITÉ (3ACO)",
    "active": true,
    "logo": "3ACO.jpg",
    "fiche": "| :fa-info:#A2368F:|**Identification**|\n| ---- | ---- |\n| :fa-map-o::#A2368F:|40 avenue de Verdun<br>94000 Créteil|\n| :fa-envelope::#A2368F:|[Courriel](mailto:3aco.asso@gmail.com)|\n| :fa-facebook-official::#A2368F:|[FaceBook](https://www.facebook.com/3aco.asso)|\n| :fa-mobile::#A2368F:|07 56 97 08 14|\n| :fa-gear::#A2368F:|W941007870|\n| :fa-calendar::#A2368F:|Enregistrée le 02/02/2013|\n| :fa-refresh::#A2368F:|Fiche Maj le 10/2024|\n\n** :fa-newspaper-o: Présentation de l'association**<br>\ninformer, soutenir avant et après une chirurgie de l'obésité (+ évènements)."
   }
  },
  {
   "type": "Feature",
   "geometry": {
    "type": "Point",
    "coordinates": [
     6.842406,
     46.462164
    ]
   },
   "properties": {
    "nom": "EUROBESITAS",
    "active": true,
    "logo": "Eurobesistas.png",
    "fiche": "| :fa-info:#A2368F:|**Identification**|\n| ---- | ---- |\n| :fa-map-o::#A2368F:|14 Quai Perdonnet<br>1800 Vevey<br>Suisse|\n| :fa-envelope::#A2368F:|[Courriel](mailto:dominique.durrer@bluewin.ch)|\n| :fa-chain::#A2368F:|[Site Web](https://eurobesitas.org/)|\n| :fa-facebook-official::#A2368F:|[FaceBook](https://www.facebook.com/profile.php?id=100064349160403)|\n| :fa-mobile::#A2368F:|+21 923 53 33|\n| :fa-tag::#A2368F:|Affiliation: CNAO|\n| :fa-refresh::#A2368F:|Fiche Maj le 20/07/2024|\n\n** :fa-newspaper-o: Présentation de l'association**<br>\nDepuis 1994, l'Association se bat contre la stigmatisation des patients qui souffrent d'obésité, même dans le milieu médical, pour l'amélioration de la prise en charge de l'obésité et son remboursement par les caisses maladies. Mais le plus important, c'est de retrouver bien-être, estime de soi, confiance en soi et santé bien au-delà des kilos superflus."
   }
  },
  {
   "type": "Feature",
   "geometry": {
    "type": "Point",
    "coordinates": [
     2.305257,
     50.734605
    ]
   },
   "properties": {
    "nom": "ACONTREPOIDS62",
    "active": true,
    "logo": "A Contrepoids 62.jpg",
    "fiche": "| :fa-info:#A2368F:|**Identification**|\n| ---- | ---- |\n| :fa-map-o::#A2368F:|62510 Arques|\n| :fa-envelope::#A2368F:|[Courriel](mailto:acontrepoids62@orange.fr)|\n| :fa-facebook-official::#A2368F:|[FaceBook](https://www.facebook.com/p/A-Contrepoids-62-100063620461307/)|\n| :fa-mobile::#A2368F:|07 67 23 55 15|\n| :fa-gear::#A2368F:|W625004810|\n| :fa-calendar::#A2368F:|Enregistrée le 28/04/2018|\n| :fa-refresh::#A2368F:|Fiche Maj le 08/2024|\n\n** :fa-newspaper-o: Présentation de l'association**<br>\naccompagner les malades de l'obésité et des pathologies associées, en permettant le partage d'expériences à travers l'activité en dehors de l'hôpital ; faire reconnaître l'obésité comme une maladie ; établir et développer un programme de sensibilisation et de prévention de l'obésité auprès de tout public ; organiser et participer à toute action éducative en lien avec la maladie de l'obésité ; les objectifs autour de 3 axes , la démocratie en santé, la santé pour toutes et tous, la fraternité"
   }
  },
  {
   "type": "Feature",
   "geometry": {
    "type": "Point",
    "coordinates": [
     2.75956,
     50.296113
    ]
   },
   "properties": {
    "nom": "LA TERRE EST RONDE !",
    "active": true,
    "logo": "La Terre est ronde.jpg",
    "fiche": "| :fa-info:#A2368F:|**Identification**|\n| ---- | ---- |\n| :fa-map-o::#A2368F:|sce Nutrition Cent Hospitalier d? Arras, \n3, boulevard Georges Besnier<br>62000 Arras|\n| :fa-envelope::#A2368F:|[Courriel](mailto:asso.la.terre.est.ronde@gmail.com)|\n| :fa-file-pdf-o:#A2368F:|[Brochure de l'association](https://drive.google.com/file/d/1kdflHKZszV3afFMDsCiahDGTEIm4EKNl/view?usp=sharing)|\n| :fa-facebook-official::#A2368F:|[FaceBook](https://www.facebook.com/assolater/?locale=fr_FR)|\n| :fa-mobile::#A2368F:|07 49 62 20 49|\n| :fa-users::#A2368F:|Public accepté : Personnes en obésité, de surpoids et l'anorexie|\n| :fa-circle-o-notch::#A2368F:|Mode d'échanges : Réunions physiques Groupe  WhatsApp privé SMS|\n| :fa-tag::#A2368F:|Affiliation: LCO|\n| :fa-external-link::#A2368F:|Partenariat avec : Centre hospitalier d'Arras<br>Clinique privée des Bonnettes à Arras<br> Clinique privée Saint-Amé<br> Hôpital Privé Bois Bernard <br> Clinique de la Chênaie|\n| :fa-certificate::#A2368F:|Agréments : Association reconnue d'utilité publique|\n| :fa-user::#A2368F:|Composition: Uniquement  des patients  et trois patients partenaires formés en 2024|\n| :fa-gear::#A2368F:|W621005472|\n| :fa-calendar::#A2368F:|Enregistrée le 06/08/2016|\n| :fa-refresh::#A2368F:|Fiche Maj le 23/02/2026|\n\n** :fa-newspaper-o: Présentation de l'association**<br>\naccompagner, informer et soutenir des personnes présentant une obésité sévère ou associée à des critères de vulnérabilité. L'association permet à ses adhérents de sortir de leur isolement et de créer du lien social.<br>\n<br>\nDes actions de sensibilisation, d'information et des rencontres sont mises en place afin d'encourager ces personnes dans leurs démarches.<br>\n<br>\nL'association se veut être un espace ressource apportant une écoute bienveillante.<br>\nElle fait la promotion de l'activité physique et met en place des ateliers encadrés par des bénévoles et/ou des professionnels.<br>\nL'association est en synergie avec les autres acteurs du parcours de soin.<br>\nLa Terre Est Ronde ! apolitique, laïque, transversale soutient et relaie les actions des pouvoirs publics et/ou des initiatives privées qui s'inscrivent dans le cadre des politiques nationales de prévention et de lutte contre l'obésité et la sédentarité, seul ou en lien avec les partenaires publics ou privés."
   }
  },
  {
   "type": "Feature",
   "geometry": {
    "type": "Point",
    "coordinates": [
     55.597201,
     -21.377037
    ]
   },
   "properties": {
    "nom": "FATTIES",
    "active": true,
    "logo": "Fatties.jpg",
    "fiche": "| :fa-info:#A2368F:|**Identification**|\n| ---- | ---- |\n| :fa-map-o::#A2368F:|27 boulevard de l'Océan<br>97480 Saint-Joseph|\n| :fa-envelope::#A2368F:|[Courriel](mailto:asso.fatties@gmail.com)|\n| :fa-chain::#A2368F:|[Site Web](https://www.helloasso.com/associations/fatties)|\n| :fa-mobile::#A2368F:|06 92 462 58|\n| :fa-gear::#A2368F:|W9R2009773|\n| :fa-calendar::#A2368F:|Enregistrée le 16/03/2021|\n| :fa-refresh::#A2368F:|Fiche Maj le 07/2024|\n\n** :fa-newspaper-o: Présentation de l'association**<br>\nlutte contre la grossophobie ; assurer le bien-être des personnes en situation de surpoids et d'obésité ; assurer une meilleure visibilité des corps non-normés ;"
   }
  },
  {
   "type": "Feature",
   "geometry": {
    "type": "Point",
    "coordinates": [
     -3.052303,
     48.080347
    ]
   },
   "properties": {
    "nom": "ALLEGRO RENAISSANCE PONDI",
    "active": true,
    "logo": "Allegro renaissance pondi.jpg",
    "bariatrique": "oui",
    "adultes": "oui",
    "adolescents": "oui",
    "fiche": "| :fa-info:#A2368F:|**Identification**|\n| ---- | ---- |\n| :fa-map-o::#A2368F:|2 allée du Verger<br>56300 Malguénac|\n| :fa-envelope::#A2368F:|[Courriel](mailto:allegrorenaissance@gmail.com)|\n| :fa-file-pdf-o:#A2368F:|[Brochure de l'association](FLYER ?)|\n| :fa-facebook-official::#A2368F:|[FaceBook](https://www.facebook.com/p/Allegro-Renaissance-61561140412752/)|\n| :fa-mobile::#A2368F:|06 32 36 87 59|\n| :fa-users::#A2368F:|Public accepté : Tous public (adultes et adolescents de plus de 16 ans) dans un parcours bariatrique ou non<br>Ouvert aux conjoints et aux familles|\n| :fa-circle-o-notch::#A2368F:|Mode d'échanges : Réunion en présentiel<br>Groupe d'échange privé<br> Groupes de marche réguliers|\n| :fa-external-link::#A2368F:|Partenariat avec : Centre Hospitalier Centre Bretagne Noyal-Pontivy (CHCB)|\n| :fa-user::#A2368F:|Composition: Patients en obésité opérés d'une chirurgie bariatrique<br>Une patiente formée à la pair-Aidance.|\n| :fa-gear::#A2368F:|W562007357|\n| :fa-calendar::#A2368F:|Enregistrée le 28/05/2024|\n| :fa-refresh::#A2368F:|Fiche Maj le 19/04/2026|\n\n** :fa-newspaper-o: Présentation de l'association**<br>\nsoutien et aide des patients et/ou futurs patients de chirurgie bariatrique, leur famille ou les personnes en obésité, par le biais de groupes de parole, d'échanges, de divers ateliers, de bourses aux vêtements, de sorties, etc"
   }
  },
  {
   "type": "Feature",
   "geometry": {
    "type": "Point",
    "coordinates": [
     2.693821,
     43.222696
    ]
   },
   "properties": {
    "nom": "OSE BALANCE TON POIDS",
    "active": true,
    "logo": "OSE.jpg",
    "bariatrique": "oui",
    "adultes": "oui",
    "fiche": "| :fa-info:#A2368F:|**Identification**|\n| ---- | ---- |\n| :fa-map-o::#A2368F:|17 rue du Laouza<br>11200 Escales|\n| :fa-envelope::#A2368F:|[Courriel](mailto:ose.balancetonpoids@gmail.com<br>lelostecveronique@gmail.com)|\n| :fa-file-pdf-o:#A2368F:|[Brochure de l'association](https://drive.google.com/file/d/1CWbfuRm_Uc5-q7Le1GL0V6M2816VBhVz/view?usp=sharing)|\n| :fa-facebook-official::#A2368F:|[FaceBook](https://www.facebook.com/profile.php?id=61563747035124)|\n| :fa-mobile::#A2368F:|06 21 66 53 66|\n| :fa-users::#A2368F:|Public accepté : 18 ans et + en surpoids, obésité, avec ou sans objectif d'intervention chirurgicale|\n| :fa-circle-o-notch::#A2368F:|Mode d'échanges : pour une aide des blablas café<br>des activités<br>des échanges?|\n| :fa-tag::#A2368F:|Affiliation: LCO|\n| :fa-external-link::#A2368F:|Partenariat avec : Centre Hospitalier de Carcassonne et Unité Transversale d'Éducation thérapeutique du Patient (UTEP)<br>Clinique du Château de Vernhes|\n| :fa-user::#A2368F:|Composition: Bureau composé de patients ayant fait  le parcours complet avec ou sans intervention<br>Patiente partenaire/experte<br>Membres d'honneur chirurgienne et diététicienne|\n| :fa-gear::#A2368F:|W113008938|\n| :fa-calendar::#A2368F:|Enregistrée le 16/07/2024|\n| :fa-refresh::#A2368F:|Fiche Maj le 20/04/2026|\n\n** :fa-newspaper-o: Présentation de l'association**<br>\naccompagner des personnes en situation d'obésité ou de surpoids ayant ou non bénéficié d'une chirurgie bariatrique"
   }
  },
  {
   "type": "Feature",
   "geometry": {
    "type": "Point",
    "coordinates": [
     2.399608,
     43.219293
    ]
   },
   "properties": {
    "nom": "OSE BALANCE TON POIDS",
    "active": true,
    "logo": "OSE.jpg",
    "fiche": "| :fa-info:#A2368F:|**Identification**|\n| ---- | ---- |\n| :fa-map-o::#A2368F:|Centre Hospitalier de Carcassonne<br>1060 Chem. de la Madeleine<br>11000 Carcassonne|"
   }
  },
  {
   "type": "Feature",
   "geometry": {
    "type": "Point",
    "coordinates": [
     1.52585,
     43.842842
    ]
   },
   "properties": {
    "nom": "OSE BALANCE TON POIDS",
    "active": true,
    "logo": "OSE.jpg",
    "fiche": "| :fa-info:#A2368F:|**Identification**|\n| ---- | ---- |\n| :fa-map-o::#A2368F:|clinique du Château de Vernhes<br>Rte de Villemur,<br>31340 Bondigoux|"
   }
  },
  {
   "type": "Feature",
   "geometry": {
    "type": "Point",
    "coordinates": [
     2.979999,
     43.181591
    ]
   },
   "properties": {
    "nom": "OSE BALANCE TON POIDS",
    "active": true,
    "logo": "OSE.jpg",
    "fiche": "| :fa-info:#A2368F:|**Identification**|\n| ---- | ---- |\n| :fa-map-o::#A2368F:|Hôpital Privé du Grand Narbonne<br>1 Rue Christiaan Barnard<br>11100 Montredon-des-Corbières|"
   }
  },
  {
   "type": "Feature",
   "geometry": {
    "type": "Point",
    "coordinates": [
     4.751977,
     43.958726
    ]
   },
   "properties": {
    "nom": "GASTROPLASTIE 84",
    "active": true,
    "logo": "Gastroplastie84.jpg",
    "fiche": "| :fa-info:#A2368F:|**Identification**|\n| ---- | ---- |\n| :fa-map-o::#A2368F:|24 rue du Sirocco<br>30133 LES ANGLES|\n| :fa-envelope::#A2368F:|[Courriel](mailto:association.gastroplastie84@gmail.com)|\n| :fa-facebook-official::#A2368F:|[FaceBook](https://www.facebook.com/Gastroplastie84)|\n| :fa-mobile::#A2368F:|07 45 96 65 47|\n| :fa-circle-o-notch::#A2368F:|Mode d'échanges : permanence téléphonique et mail 7j/7j|\n| :fa-gear::#A2368F:|W843001420|\n| :fa-calendar::#A2368F:|Enregistrée le 29/01/2011|\n| :fa-refresh::#A2368F:|Fiche Maj le 07/2024|\n\n** :fa-newspaper-o: Présentation de l'association**<br>\naccompagner et orienter les personnes souffrant de surpoids et d'obésité"
   }
  },
  {
   "type": "Feature",
   "geometry": {
    "type": "Point",
    "coordinates": [
     8.837367,
     41.984559
    ]
   },
   "properties": {
    "nom": "ATHANOR",
    "active": true,
    "logo": "athanor.png",
    "bariatrique": "oui",
    "adultes": "oui",
    "adolescents": "oui",
    "enfants": "oui",
    "fiche": "| :fa-info:#A2368F:|**Identification**|\n| ---- | ---- |\n| :fa-map-o::#A2368F:|20167 Sarrola-Carcopino|\n| :fa-envelope::#A2368F:|[Courriel](mailto:athanor.corsica@gmail.com)|\n| :fa-mobile::#A2368F:|06 80 57 47 61|\n| :fa-users::#A2368F:|Public accepté : elles et ceux qui veulent prendre ou perdre du poids, celles et ceux qui réfléchissent ou se dirigent vers une opération de chirurgie bariatrique, celles et ceux qui ne veulent pas changer mais souffrent de leur poids (en plus ou en moins) ainsi que celles et ceux qui accompagnent celles et ceux. De 7 à 107 ans. (Enfants, adolescents, adultes)|\n| :fa-circle-o-notch::#A2368F:|Mode d'échanges : Téléphone et email (éventuellement visio si besoin)|\n| :fa-user::#A2368F:|Composition: Bénévoles|\n| :fa-gear::#A2368F:|W2A1007708|\n| :fa-calendar::#A2368F:|Enregistrée le - 07/03/2023|\n| :fa-refresh::#A2368F:|Fiche Maj le 25/01/2026|\n\n** :fa-newspaper-o: Présentation de l'association**<br>\naméliorer la qualité de vie des personnes en situation de surpoids/obésité/dénutrition dans tous les parcours liés à la perte et/ou prise de poids (régime, rééquilibrage alimentaire, prise en charge psychologique, activité physique adaptée, parcours pré et post chirurgie bariatrique, etc) ; défendre les droits d'accès des personnes en situation de surpoids/obésité/dénutrition à des soins de qualité et la lutte contre les discriminations liées à leur maladie (grossophobie) ; informer et réaliser de la prévention en matière de urpoids/obésité/dénutrition ainsi que sur toutes les pathologies en lien (nash, troubles des conduites alimentaires, diabète de type 2, dépression, apnées du sommeil, troubles cardiovasculaires, arthrose, etc) ; créer et réaliser des actions d'information, de prévention, d'éducation et de formation des personnes en situation de surpoids/obésité/dénutrition et des professionnels de santé en lien avec ces personnes ; accompagner et soutenir des personnes en situation de surpoids/obésité/dénutrition, leur famille et leur entourage par le développement de services et de modalités d'accompagnement individuelles et collectives favorisant l'échange, l'interaction, la création de groupes et/ou de parrain/marraine et l'autonomie en matière de gestion personnelle de poids"
   }
  },
  {
   "type": "Feature",
   "geometry": {
    "type": "Point",
    "coordinates": [
     55.319777,
     -21.221666
    ]
   },
   "properties": {
    "nom": "ASSOCIATION GASTROPLASTIE \"HALO ANNEAU\"",
    "active": true,
    "logo": "Halo Anneau.jpg",
    "fiche": "| :fa-info:#A2368F:|**Identification**|\n| ---- | ---- |\n| :fa-map-o::#A2368F:|252 CD 13  RES LES JARDINS DE FRANCOISE<br>97424 LE PITON ST LEU|\n| :fa-envelope::#A2368F:|[Courriel](mailto:halo.anneau@gmail.com)|\n| :fa-facebook-official::#A2368F:|[FaceBook](https://www.facebook.com/Halo.Anneau.Association)|\n| :fa-mobile::#A2368F:|+262 692 64 90 70|\n| :fa-gear::#A2368F:|W9R1001895|\n| :fa-calendar::#A2368F:|Enregistrée le 26/07/2022|\n| :fa-refresh::#A2368F:|Fiche Maj le 07/2024|\n\n** :fa-newspaper-o: Présentation de l'association**<br>\n1) apporter une écoute, des réponses, et un soutien moral aux gastroplastiés ou personnes susceptibles de pratiquer les différentes techniques opératoires d'amaigrissement (anneau gastrique, sleeve, by-pass) ainsi qu'à leur entourage et aux personnes en surpoids et obésité ; 2) les informer ; 3) les conseiller ; les orienter, (pour les 2) 3) 4) ) dans une démarche d'amélioration de leur qualité de vie sans jamais se substituer aux médecins ni à l'équipe pluridisciplinaire"
   }
  },
  {
   "type": "Feature",
   "geometry": {
    "type": "Point",
    "coordinates": [
     2.345854,
     49.893826
    ]
   },
   "properties": {
    "nom": "LES PETITS POIDS, ÇA BASCULE TERRIBLE !",
    "active": true,
    "logo": "Les petits poids.png",
    "bariatrique": "oui",
    "adultes": "oui",
    "adolescents": "oui",
    "enfants": "oui",
    "fiche": "| :fa-info:#A2368F:|**Identification**|\n| ---- | ---- |\n| :fa-map-o::#A2368F:|3 et 4  Place des Libertés<br>80450 CAMON|\n| :fa-envelope::#A2368F:|[Courriel](mailto:aptppetitspoids@yahoo.com)|\n| :fa-file-pdf-o:#A2368F:|[Brochure de l'association](Plaquette actuelle ?)|\n| :fa-chain::#A2368F:|[Site Web](https://www.les-petits-poids-cbt.fr/)|\n| :fa-facebook-official::#A2368F:|[FaceBook](https://www.facebook.com/lespetitspoids.cbt)|\n| :fa-mobile::#A2368F:|09 80 97 64 61|\n| :fa-users::#A2368F:|Public accepté : Adultes, adolescents  enfants et toutes pathologies dans un parcours de chirurgie bariatrique ou non . Intervention écoles collèges lycées.|\n| :fa-circle-o-notch::#A2368F:|Mode d'échanges : Groupes WhatsApp, courriel,  Mailing Réunions Groupe de paroles encadrés par prestataire art-thérapie|\n| :fa-external-link::#A2368F:|Partenariat avec : CHU Amiens-Picardie<br>Clinique Victor Pauchet Amiens<br>Polyclinique de Picardie<br>CHU Amiens-Picardie<br>Centre Hospitalier de Corbie<br>Centre de rééducation adolescents et adultes amiens|\n| :fa-certificate::#A2368F:|Agréments : Agrément Sport dans une fédération multi sports et d'éducation populaire|\n| :fa-user::#A2368F:|Composition: Tous des patients en situation d'obésité. Tout le bureau est formé à l'éducation tjhérapeutique du patient (ETP).<br>Une personne a un diploùe unversaitaire d'ETP à  alliance thérapeutique<br>Intègre des salariés enseignants en éducation physique adaptée.Un ensiengant est formé en ETP.|\n| :fa-gear::#A2368F:|W802006379|\n| :fa-calendar::#A2368F:|Enregistrée le - 15/09/2012|\n| :fa-refresh::#A2368F:|Fiche Maj le 05/05/2026|\n\n** :fa-newspaper-o: Présentation de l'association**<br>\nproposer à ses adhérents et constituer autour des personnes ayant séjourné en centre hospitaier , service de médecine, unité de rééducation nutritionnelle et de réadaptation à l'activité physique ou aussi à toute personne intéressée par l'association : des groupes de paroles, l'organisation de débats et colloques ; de promouvoir l'activité physique ; l'accès à un site Internet assorti d'un Extranet (à créer), de réseaux sociaux, etc ; des ateliers (écriture, photos, vidéos, bien-être, soins du corps, beauté, etc) ; des rencontres, des sorties culturelles et thématiques ; etc."
   }
  },
  {
   "type": "Feature",
   "geometry": {
    "type": "Point",
    "coordinates": [
     1.901947,
     49.846842
    ]
   },
   "properties": {
    "nom": "LES PETITS POIDS, ÇA BASCULE TERRIBLE !",
    "active": true,
    "logo": "Les petits poids.png",
    "fiche": "| :fa-info:#A2368F:|**Identification**|\n| ---- | ---- |\n| :fa-map-o::#A2368F:|4 rue Charles DUFOUE<br>80640 Hornoy le bourg|"
   }
  },
  {
   "type": "Feature",
   "geometry": {
    "type": "Point",
    "coordinates": [
     2.254573,
     49.874441
    ]
   },
   "properties": {
    "nom": "LES PETITS POIDS, ÇA BASCULE TERRIBLE !",
    "active": true,
    "logo": "Les petits poids.png",
    "fiche": "| :fa-info:#A2368F:|**Identification**|\n| ---- | ---- |\n| :fa-map-o::#A2368F:|CHU Amiens-Picardie<br>1 Rue du Professeur Christian Cabrol,<br>80000 Amiens|"
   }
  },
  {
   "type": "Feature",
   "geometry": {
    "type": "Point",
    "coordinates": [
     2.294021,
     49.871783
    ]
   },
   "properties": {
    "nom": "LES PETITS POIDS, ÇA BASCULE TERRIBLE !",
    "active": true,
    "logo": "Les petits poids.png",
    "fiche": "| :fa-info:#A2368F:|**Identification**|\n| ---- | ---- |\n| :fa-map-o::#A2368F:|Clinique Victor Pauchet Amiens<br>2 Av. d'Irlande,<br>80090 Amiens|"
   }
  },
  {
   "type": "Feature",
   "geometry": {
    "type": "Point",
    "coordinates": [
     2.296946,
     49.870878
    ]
   },
   "properties": {
    "nom": "LES PETITS POIDS, ÇA BASCULE TERRIBLE !",
    "active": true,
    "logo": "Les petits poids.png",
    "fiche": "| :fa-info:#A2368F:|**Identification**|\n| ---- | ---- |\n| :fa-map-o::#A2368F:|Polyclinique de Picardie<br>49 Rue Alexandre Dumas,<br>80090 Amiens|"
   }
  },
  {
   "type": "Feature",
   "geometry": {
    "type": "Point",
    "coordinates": [
     2.514687,
     49.914356
    ]
   },
   "properties": {
    "nom": "LES PETITS POIDS, ÇA BASCULE TERRIBLE !",
    "active": true,
    "logo": "Les petits poids.png",
    "fiche": "| :fa-info:#A2368F:|**Identification**|\n| ---- | ---- |\n| :fa-map-o::#A2368F:|Centre Hospitalier de Corbie<br>33 Rue Gambetta,<br>80800 Corbie|"
   }
  },
  {
   "type": "Feature",
   "geometry": {
    "type": "Point",
    "coordinates": [
     6.938792,
     43.546088
    ]
   },
   "properties": {
    "nom": "UNIS CONTRE L'OBÉSITÉ UCO",
    "active": true,
    "logo": "UCO.png",
    "bariatrique": "oui",
    "fiche": "| :fa-info:#A2368F:|**Identification**|\n| ---- | ---- |\n| :fa-map-o::#A2368F:|891 boulevard des Ecureuils<br>06210 Mandelieu-la-Napoule|\n| :fa-envelope::#A2368F:|[Courriel](mailto:association.uco@gmail.com)|\n| :fa-instagram::#A2368F:|[Instagram](https://www.instagram.com/association_uco_06/)|\n| :fa-mobile::#A2368F:|06 19 22 26 53|\n| :fa-gear::#A2368F:|W061016982|\n| :fa-calendar::#A2368F:|Enregistrée le 20/02/2024|\n| :fa-refresh::#A2368F:|Fiche Maj le 10/2024|\n\n** :fa-newspaper-o: Présentation de l'association**<br>\na pour objet de fédérer toutes les générations dans le but, principalement d'aider les personnes ayant subi une chirurgie bariatrique dans leur parcours post opératoire et à informer les personnes en situation de forte obésité sur les bienfaits de la chirurgie de l'obésité, d'organiser des réunions mensuelles mais aussi toutes autres manifestations de loisirs, sportives, culturelles, économiques ou sociales pouvant favoriser la réalisation de cet objectif."
   }
  },
  {
   "type": "Feature",
   "geometry": {
    "type": "Point",
    "coordinates": [
     2.82101,
     48.356705
    ]
   },
   "properties": {
    "nom": "LES ANCIENS OBESES ANONYMES (AOA)",
    "active": true,
    "logo": "AOA.jpg",
    "bariatrique": "oui",
    "fiche": "| :fa-info:#A2368F:|**Identification**|\n| ---- | ---- |\n| :fa-map-o::#A2368F:|77250 Moret Loing et Orvanne|\n| :fa-envelope::#A2368F:|[Courriel](mailto:Associationaoa77@gmail.com)|\n| :fa-instagram::#A2368F:|[Instagram](https://www.instagram.com/asso_les_aoa/)|\n| :fa-mobile::#A2368F:|06 62 56 68 59|\n| :fa-gear::#A2368F:|W774010135|\n| :fa-calendar::#A2368F:|Enregistrée le - 06/02/2024|\n| :fa-refresh::#A2368F:|Fiche Maj le 11/11/2025|\n\n** :fa-newspaper-o: Présentation de l'association**<br>\naccueil des patients en situation d'obésité opérées d'une chirurgie ou non opérées d'une chirurgie bariatrique, les proches des patients en situation d'obésité opérés d'une chirurgie bariatrique ou non opérés d'une chirurgie bariatrique, renseigner et suivre les patients en situation d'obésité et leurs proches sur les différentes chirurgies de l'obésité en préopératoire (en cours de parcours) et en post opératoire, rompre l'isolement des patients obèses et de leurs proches en favorisant les rencontres, les échanges et la pratique d'activités en commun (visioconférence programmée ou à la demande, activités sportives, rencontres physiques) , lutter éduquer et renseigner sur les problématiques du surpoids et de l'obésité à titre préventif ; échanger avec des professionnels de santé, proposer et organiser des bourses d'échanges ou des ventes de vêtements entre adhérents, réaliser des manifestations et évènements autour de la prévention ; du soutien et l'entraide aux personnes, organiser des ateliers culinaires et pédagogiques (recettes préopératoires et postopératoires)"
   }
  },
  {
   "type": "Feature",
   "geometry": {
    "type": "Point",
    "coordinates": [
     -2.076005,
     48.318138
    ]
   },
   "properties": {
    "nom": "SO BARIA",
    "active": true,
    "logo": "SoBaria.png",
    "bariatrique": "oui",
    "adultes": "oui",
    "fiche": "| :fa-info:#A2368F:|**Identification**|\n| ---- | ---- |\n| :fa-map-o::#A2368F:|10 Cariou<br>22350 Guenroc|\n| :fa-envelope::#A2368F:|[Courriel](mailto:sobaria2023.equipe@gmail.com)|\n| :fa-instagram::#A2368F:|[Instagram](https://www.instagram.com/so_baria_asso/)|\n| :fa-mobile::#A2368F:|06 95 87 14 65|\n| :fa-users::#A2368F:|Public accepté : Patients adultes|\n| :fa-circle-o-notch::#A2368F:|Mode d'échanges : Conseils téléphoniques|\n| :fa-gear::#A2368F:|W353023550|\n| :fa-calendar::#A2368F:|Enregistrée le 22/08/2023|\n| :fa-refresh::#A2368F:|Fiche Maj le 03/04/2026|\n\n** :fa-newspaper-o: Présentation de l'association**<br>\naccompagner et soutenir les personnes qui recherchent à trouver une seconde chance dans la vie ; en particulier, les personnes en parcours de chirurgie bariatrique ou dans une volonté, décision de perte de poids et qui souhaitent être soutenues dans ce projet ; Mais également les personnes ayant été obèses et qui n'arrivent pas à se connecter à leur nouveau corps ; une page Instagram sera à disposition de tous, avec du contenu régulier, qui permettra d'accompagner virtuellement tout le monde ; grâce aux adhésions et aux participations financières aux ateliers proposés, nous proposerons des évènements à thème, des cours de sport, des ateliers nutrition, des séances photos. Une liste non exhaustive pour l'instant mais uniquement dans le but d'offrir un accompagnement aux personnes qui en ressentent le besoin ; « Offre-toi cette seconde chance que d'autres n'ont pas voulu t'accorder »"
   }
  },
  {
   "type": "Feature",
   "geometry": {
    "type": "Point",
    "coordinates": [
     2.448144,
     48.796695
    ]
   },
   "properties": {
    "nom": "LA MAISON DE NORA MDN PARIS",
    "active": true,
    "logo": "LamaisondeNora.jpg",
    "bariatrique": "oui",
    "fiche": "| :fa-info:#A2368F:|**Identification**|\n| ---- | ---- |\n| :fa-map-o::#A2368F:|92 Avenue du général de Gaulle<br>94000 CRETEIL|\n| :fa-envelope::#A2368F:|[Courriel](mailto:lamaisondenora@gmail.com)|\n| :fa-chain::#A2368F:|[Site Web](https://lamaisondenora.com/)|\n| :fa-facebook-official::#A2368F:|[FaceBook](https://www.facebook.com/lamaisondenora)|\n| :fa-instagram::#A2368F:|[Instagram](https://www.instagram.com/lamaisondenora_officielle/)|\n| :fa-mobile::#A2368F:|07 62 49 16 15|\n| :fa-gear::#A2368F:|W942005634|\n| :fa-calendar::#A2368F:|Enregistrée le 26/09/2015|\n| :fa-refresh::#A2368F:|Fiche Maj le 11/2024|\n\n** :fa-newspaper-o: Présentation de l'association**<br>\ninitier et/ou conduire toute étude, action ou démarche de nature à favoriser le bien-être physique et mental de ses adhérents qui sont principalement des personnes en surpoids important et des personnes obèses ; réaliser toute action de formation, d'évaluation, d'enseignement, de publication, de communication, d'édition et/ou conduire des démarches en direction de tous acteurs publics ou privés concernés ; organiser des ateliers adaptés, en accord avec les politiques de prévention et de santé publique, et/ou d'éducation à la santé, pour permettre aux adhérents de se réapproprier leur schéma corporel, bouger en conscience en respectant leur ressenti, retrouver le goût de l'effort progressivement étape par étape de façon personnalisée, bouger son corps et apprendre à faire des efforts dans la vie quotidienne sans se faire mal ; organiser des rencontres entre personnes obèses candidates à des interventions de chirurgie bariatrique et des patients déjà opérés."
   }
  },
  {
   "type": "Feature",
   "geometry": {
    "type": "Point",
    "coordinates": [
     1.906616,
     47.905981
    ]
   },
   "properties": {
    "nom": "FOR A BETTER LIFE",
    "active": true,
    "logo": "FABL.JPG",
    "adultes": "oui",
    "fiche": "| :fa-info:#A2368F:|**Identification**|\n| ---- | ---- |\n| :fa-map-o::#A2368F:|75 boulevard Alexandre Martin<br>45000 Orléans|\n| :fa-envelope::#A2368F:|[Courriel](mailto:forabetterlife.draboumrad@gmail.com)|\n| :fa-mobile::#A2368F:|06 48 55 60 01|\n| :fa-users::#A2368F:|Public accepté : Toutes personnes adultes concernées par l'obésité|\n| :fa-circle-o-notch::#A2368F:|Mode d'échanges : Mail et messages facebook|\n| :fa-external-link::#A2368F:|Partenariat avec : Obecentre|\n| :fa-user::#A2368F:|Composition: Membres bénévoles ayant été ou étant en situation de surpoids ou d'obésité et de professionnels de santé  engagés dans la prise en charge et la lutte contre le surpoids et l'obésité.|\n| :fa-gear::#A2368F:|W452018527|\n| :fa-calendar::#A2368F:|Enregistrée le -08/03/2022|\n| :fa-refresh::#A2368F:|Fiche Maj le 04/02/2026|\n\n** :fa-newspaper-o: Présentation de l'association**<br>\nOffrir des temps d'échange, de soutien, d'accompagnement, de conseil et de partage et d'aide aux personnes ayant été ou étant en situation de surpoids ou d'obésité."
   }
  },
  {
   "type": "Feature",
   "geometry": {
    "type": "Point",
    "coordinates": [
     4.073938,
     48.297743
    ]
   },
   "properties": {
    "nom": "BELLENFORMES",
    "active": true,
    "logo": "Bellenformes.png",
    "fiche": "| :fa-info:#A2368F:|**Identification**|\n| ---- | ---- |\n| :fa-map-o::#A2368F:|10000 Troyes|\n| :fa-envelope::#A2368F:|[Courriel](mailto:bellenformes@laposte.net)|\n| :fa-facebook-official::#A2368F:|[FaceBook](https://www.facebook.com/profile.php?id=100076464863753)|\n| :fa-mobile::#A2368F:|06 67 25 47 55|\n| :fa-gear::#A2368F:|W103007756|\n| :fa-calendar::#A2368F:|Enregistrée le 08/12/2018|\n| :fa-refresh::#A2368F:|Fiche Maj le 10/2024|\n\n** :fa-newspaper-o: Présentation de l'association**<br>\ncréer un lieu d'échanges, de rencontres et d'activités diverses afin de lutter contre l'isolement des femmes en surpoids et atteintes d'obésité ; leur permettre de pratiquer des activités physiques adaptées, associées à des techniques de développement personnel et de relaxation, sans être confrontées au regard des autres ; \"bien dans son corps, bien dans sa tête, mieux dans sa vie\" <br>\nActivité physique adaptée aux femmes en surpoids et en obésité"
   }
  },
  {
   "type": "Feature",
   "geometry": {
    "type": "Point",
    "coordinates": [
     4.640889,
     43.809032
    ]
   },
   "properties": {
    "nom": "GROSSOMODO",
    "active": true,
    "logo": "Grossomodo.png",
    "fiche": "| :fa-info:#A2368F:|**Identification**|\n| ---- | ---- |\n| :fa-map-o::#A2368F:|45, rue de Nîmes<br>30300 Beaucaire|\n| :fa-envelope::#A2368F:|[Courriel](mailto:asso_grossomodo@hotmail.fr)|\n| :fa-chain::#A2368F:|[Site Web](https://assogrossomodo.com/)|\n| :fa-mobile::#A2368F:|06 12 92 77 88|\n| :fa-users::#A2368F:|Public accepté : Toutes personnes en obesite et proches|\n| :fa-circle-o-notch::#A2368F:|Mode d'échanges : Groupe privé WhatsApp<br>Réunions en  présentiel<br>Activités sportives avec coach sportif<br>Ateliers cuisine<br>Sorties atelier couture|\n| :fa-tag::#A2368F:|Affiliation: LCO|\n| :fa-user::#A2368F:|Composition: Bureau composé que de patients<br>Conseil d'honneur avec des professionnels de santé <br>Patients expert dans l'association<br>coach sportif|\n| :fa-gear::#A2368F:|W302008046|\n| :fa-calendar::#A2368F:|Enregistrée le 01/08/1999|\n| :fa-refresh::#A2368F:|Fiche Maj le 24/05/2026|\n\n** :fa-newspaper-o: Présentation de l'association**<br>\nréunir des personnes autour des problèmes de surpoids, d'obésités et des pathologies associées pour pratiquer diverses activités et dialoguer à Beaucaire et Tarascon"
   }
  },
  {
   "type": "Feature",
   "geometry": {
    "type": "Point",
    "coordinates": [
     6.388277,
     48.177938
    ]
   },
   "properties": {
    "nom": "OBESITÉ LORRAINE",
    "active": true,
    "logo": "ObesiteLorraine.jpg",
    "bariatrique": "oui",
    "adultes": "oui",
    "adolescents": "oui",
    "enfants": "oui",
    "fiche": "| :fa-info:#A2368F:|**Identification**|\n| ---- | ---- |\n| :fa-map-o::#A2368F:|88390 Forges|\n| :fa-envelope::#A2368F:|[Courriel](mailto:corinnezimouche@gmail.com)|\n| :fa-file-pdf-o:#A2368F:|[Brochure de l'association](https://drive.google.com/file/d/1QmdI4ugdpVe9rExJ36JqIkA2OWUf_pHc/view?usp=drive_link)|\n| :fa-chain::#A2368F:|[Site Web](https://obesitelorraine.carrd.co/)|\n| :fa-mobile::#A2368F:|06 72 95 22 82|\n| :fa-users::#A2368F:|Public accepté : Toutes personnes adultes concernées par l'obésité avec leur famille (Formée aux adolescents et enfants)|\n| :fa-circle-o-notch::#A2368F:|Mode d'échanges : Par téléphone et visio|\n| :fa-user::#A2368F:|Composition: par des patients|\n| :fa-gear::#A2368F:|W881009976|\n| :fa-calendar::#A2368F:|Enregistrée le 15/10/2024|\n| :fa-refresh::#A2368F:|Fiche Maj le 20/02/2026|\n\n** :fa-newspaper-o: Présentation de l'association**<br>\ncréer du lien entre les personnes souffrant d obésité ou de surpoids et souhaitant être accompagnées, ainsi que les personnes candidates à la chirurgie bariatrique ou déjà opérées"
   }
  },
  {
   "type": "Feature",
   "geometry": {
    "type": "Point",
    "coordinates": [
     -0.105822,
     48.29732
    ]
   },
   "properties": {
    "nom": "DEUX POIDS, DEUX MESURES",
    "active": true,
    "logo": "2P2M.png",
    "fiche": "| :fa-info:#A2368F:|**Identification**|\n| ---- | ---- |\n| :fa-map-o::#A2368F:|12 rue des Lavandières<br>72130 Saint-Georges-le-Gaultier|\n| :fa-envelope::#A2368F:|[Courriel](mailto:2p2m.asso@gmail.com)|\n| :fa-file-pdf-o:#A2368F:|[Brochure de l'association](https://drive.google.com/file/d/1POF7HbL9d_Y3iPDHSnHQqwSmlMM9RkKp/view?usp=sharing)|\n| :fa-chain::#A2368F:|[Site Web](https://deux-poids-deux-mesures-2p2m.s2.yapla.com/fr/)|\n| :fa-facebook-official::#A2368F:|[FaceBook](https://www.facebook.com/people/Deux-poids-Deux-mesures/61568616091103/#)|\n| :fa-instagram::#A2368F:|[Instagram](https://www.instagram.com/2p2m_asso/)|\n| :fa-chain::#A2368F:|[Autre](https://www.tiktok.com/@deux.poids.deux.m)|\n| :fa-mobile::#A2368F:|06 79 17 65 50|\n| :fa-users::#A2368F:|Public accepté : Tout public : patients, aidant, proches, sympathisants|\n| :fa-circle-o-notch::#A2368F:|Mode d'échanges : Présentiel, visio, what's app, téléphone|\n| :fa-certificate::#A2368F:|Agréments : utilité publique|\n| :fa-user::#A2368F:|Composition: Bénévoles et professionnels de santé partenaires|\n| :fa-gear::#A2368F:|W722005912|\n| :fa-calendar::#A2368F:|Enregistrée le 19/11/2024|\n| :fa-refresh::#A2368F:|Fiche Maj le 26/03/2026|\n\n[++ Liste des adresses ++]<br>\n:fa-plus-square:#A2368F:[ 12 rue des Lavandières 72130 Saint-Georges-le-Gaultier](app://moveTo?-0.105822,48.297320 Aller à Saint-Georges-le-Gaultier)<br>\n:fa-plus-square:#A2368F:|[ 49000 ANGERS](app://moveTo?-0.547782,47.471098 Aller à ANGERS)<br>\n[----]\n\n** :fa-newspaper-o: Présentation de l'association**<br>\nFondée par 4 anciens participants du programme TEMPO du CHU d'Angers, l'association est née d'un constat partagé : à l'issue d'un accompagnement médical, beaucoup de patients se retrouvent seuls face à la maladie.<br>\nNotre objectif est de créer un espace d'écoute, d'entraide et de sensibilisation ouvert à toutes et à tous ? personnes concernées par l'obésité et le surpoids ou non.<br>\n<br>\nNos 3 objectifs :<br>\n<br>\n1. Accompagner les personnes en situation d'obésité ou de surpoids vers un suivi médical adapté et bienveillant.<br>\n<br>\n<br>\n2. Sensibiliser le grand public à la réalité de cette maladie, notamment en entreprise, en milieu scolaire et sur la voie publique.<br>\n<br>\n<br>\n3. Rompre l'isolement en favorisant la rencontre, l'échange et la bienveillance.<br>\n<br>\nCe que nous proposons :<br>\n<br>\nPour répondre à ces objectifs, nous mettons en place différents ateliers et moments de partage tout au long de l'année :<br>\n<br>\n    Ateliers ?Vide ton sac et tes émotions? : des temps d'expression et d'écoute pour partager son vécu et libérer la parole.<br>\n    Ateliers de socio-esthétique (1 fois par trimestre) : pour renouer avec son image, apprendre à se valoriser et reprendre confiance en soi.<br>\n    Goûters-papotes mensuels : des moments conviviaux pour échanger librement et rompre la solitude<br>\n    Des évènement caritatifs, parce que la convivialité et la cohésion font partie de notre ADN, nous préparons plusieurs événements ouverts à tous chaque année<br>\n<br>\n<br>\nCes temps forts visent à rassembler, informer et déstigmatiser l'obésité en luttant contre la grossophobie, dans une atmosphère chaleureuse et inclusive.<br>\n<br>\nSensibiliser, informer et faire évoluer les mentalités :<br>\n<br>\nÀ plus long terme, Deux poids, Deux mesures souhaite s'impliquer activement dans la prévention et la sensibilisation auprès de différents publics :<br>\n<br>\n    Dans les écoles, pour lutter contre le harcèlement et la grossophobie, et encourager le respect de toutes les différences.<br>\n    Dans les entreprises, pour favoriser l'inclusion, améliorer la compréhension des réalités liées à l'obésité et promouvoir le bien-être au travail.<br>\n<br>\nNotre ambition est de faire évoluer les mentalités et de changer durablement le regard porté sur l'obésité, en diffusant un message d'empathie, d'égalité et de respect."
   }
  },
  {
   "type": "Feature",
   "geometry": {
    "type": "Point",
    "coordinates": [
     -0.547782,
     47.471098
    ]
   },
   "properties": {
    "nom": "DEUX POIDS, DEUX MESURES",
    "active": true,
    "logo": "2P2M.png",
    "fiche": "| :fa-info:#A2368F:|**Identification**|\n| ---- | ---- |\n| :fa-map-o::#A2368F:|49000 ANGERS|\n| :fa-envelope::#A2368F:|[Courriel](mailto:2p2m.asso@gmail.com)|\n| :fa-file-pdf-o:#A2368F:|[Brochure de l'association](https://drive.google.com/file/d/1POF7HbL9d_Y3iPDHSnHQqwSmlMM9RkKp/view?usp=sharing)|\n| :fa-chain::#A2368F:|[Site Web](https://deux-poids-deux-mesures-2p2m.s2.yapla.com/fr/)|\n| :fa-facebook-official::#A2368F:|[FaceBook](https://www.facebook.com/profile.php?id=61568616091103)|\n| :fa-instagram::#A2368F:|[Instagram](https://www.instagram.com/2p2m_asso/)|\n| :fa-chain::#A2368F:|[Autre](https://www.tiktok.com/@deux.poids.deux.m)|\n| :fa-mobile::#A2368F:|06 79 17 65 50|\n| :fa-users::#A2368F:|Public accepté : Tout public : patients, aidant, proches, sympathisants|\n| :fa-circle-o-notch::#A2368F:|Mode d'échanges : Présentiel, visio, what's app, téléphone|\n| :fa-certificate::#A2368F:|Agréments : utilité publique|\n| :fa-user::#A2368F:|Composition: Bénévoles et professionnels de santé partenaires|\n| :fa-gear::#A2368F:|W722005912|\n| :fa-calendar::#A2368F:|Enregistrée le 19/11/2024|\n\n[++ Liste des adresses ++]<br>\n:fa-plus-square:#A2368F:[ 12 rue des Lavandières 72130 Saint-Georges-le-Gaultier](app://moveTo?-0.105822,48.297320 Aller à Saint-Georges-le-Gaultier)<br>\n:fa-plus-square:#A2368F:|[ 49000 ANGERS](app://moveTo?-0.547782,47.471098 Aller à ANGERS)<br>\n[----]\n\n** :fa-newspaper-o: Présentation de l'association**<br>\naccompagner les individus atteint d'obésité en leur proposant un accompagnement multidimensionnel (sensibilisation au suivi medical, atelier alimentation, activité physique, bien être, estime de soi, groupes de paroles, moments de convivialités) et sensibilisation grand public à ce qu'est réellement l'obésité"
   }
  },
  {
   "type": "Feature",
   "geometry": {
    "type": "Point",
    "coordinates": [
     5.955251,
     43.123193
    ]
   },
   "properties": {
    "nom": "OBÉSITÉ SANTÉ ET ÉPANOUISSEMENT 83 (O .S .E 83)",
    "active": true,
    "logo": "OSE83.png",
    "bariatrique": "oui",
    "fiche": "| :fa-info:#A2368F:|**Identification**|\n| ---- | ---- |\n| :fa-map-o::#A2368F:|220 avenue Benoit Malon<br>83100 Toulon|\n| :fa-envelope::#A2368F:|[Courriel](mailto:cco.etp@gmail.com)|\n| :fa-chain::#A2368F:|[Site Web](https://ccoetp.wixsite.com/ose83)|\n| :fa-users::#A2368F:|Public accepté : Tous les patients dans cadre de l'obésité et du surpoids|\n| :fa-circle-o-notch::#A2368F:|Mode d'échanges : Groupe privé FP et What'sApp|\n| :fa-external-link::#A2368F:|Partenariat avec : Centre de Chirurgie de l'Obesité de la clinique Saint Michel|\n| :fa-user::#A2368F:|Composition: Patient (une patiente avec une formation ETP) et professionnels de santé|\n| :fa-gear::#A2368F:|W832022603|\n| :fa-calendar::#A2368F:|Enregistrée le 28/03/2025|\n| :fa-refresh::#A2368F:|Fiche Maj le 30/03/2026|\n\n** :fa-newspaper-o: Présentation de l'association**<br>\nvenir en aide par une écoute, des réponses et un soutien moral à toutes les personnes souffrant d'obésité et de troubles du comportement alimentaire, d'apporter un soutien actif, matériel ou psychologique aux opéré (e) s et futur op é- ré (e) s d'une des techniques de chirurgie bariatrique organiser des réunions et conférences dans les domaines y afférant, ainsi que toute autre manifestation, seule ou avec le concours d'autres associations avec les conseils de médecins et chirurgiens ; mettre en place des moyens d'éducation et de diffusion dans ces domaines."
   }
  },
  {
   "type": "Feature",
   "geometry": {
    "type": "Point",
    "coordinates": [
     0.102039,
     49.529023
    ]
   },
   "properties": {
    "nom": "PESE-PLUME 76",
    "active": true,
    "logo": "Peseplume76.png",
    "fiche": "| :fa-info:#A2368F:|**Identification**|\n| ---- | ---- |\n| :fa-map-o::#A2368F:|Hôpital Privé de l'Estuaire<br>505 rue Irène Joliot CURIE<br>76620 LE HAVRE|\n| :fa-envelope::#A2368F:|[Courriel](mailto:peseplume76.lh@yahoo.com)|\n| :fa-facebook-official::#A2368F:|[FaceBook](https://www.facebook.com/profile.php?id=100090536048957)|\n| :fa-mobile::#A2368F:|06 24 54 10 53|\n| :fa-gear::#A2368F:|W762006424|\n| :fa-calendar::#A2368F:|Enregistrée le 05/12/2015|\n| :fa-refresh::#A2368F:|Fiche Maj le 11/05/2025|\n\n** :fa-newspaper-o: Présentation de l'association**<br>\naider les personnes ayant des problèmes de surpoids/obésité ou qui sont confrontées à des troubles du comportement alimentaire."
   }
  },
  {
   "type": "Feature",
   "geometry": {
    "type": "Point",
    "coordinates": [
     3.127663,
     48.319729
    ]
   },
   "properties": {
    "nom": "LE GROUPE RESSOURCE OPTIMISTE POUR LES MALADES DE L'OBÉSITÉ",
    "active": true,
    "logo": "GROMO.jpg",
    "bariatrique": "oui",
    "fiche": "| :fa-info:#A2368F:|**Identification**|\n| ---- | ---- |\n| :fa-map-o::#A2368F:|89340 Champigny|\n| :fa-envelope::#A2368F:|[Courriel](mailto:asso.legromo@gmail.com)|\n| :fa-chain::#A2368F:|[Site Web](https://www.helloasso.com/associations/le-groupe-ressource-optimiste-pour-les-malades-de-l-obesite)|\n| :fa-facebook-official::#A2368F:|[FaceBook](https://www.facebook.com/profile.php?id=61578294052084)|\n| :fa-instagram::#A2368F:|[Instagram](https://www.instagram.com/le_g.r.o.m.o)|\n| :fa-mobile::#A2368F:|06 77 14 17 38|\n| :fa-gear::#A2368F:|W893007442|\n| :fa-calendar::#A2368F:|Enregistrée le 24/06/2025|\n| :fa-refresh::#A2368F:|Fiche Maj le 20/10/2025|\n\n** :fa-newspaper-o: Présentation de l'association**<br>\nécouter, soutenir et accompagner toute personne majeure ou mineure atteinte d'obésité, en surpoids ou ayant subie une chirurgie bariatrique, ainsi que leurs proches ; proposer des animations, activités et évènements ayant pour but de faciliter le quotidien des personnes majeures ou mineures atteintes d'obésité, en surpoids ou ayant subies une chirurgie bariatrique, ainsi que leurs proches ; sensibiliser l'opinion publique et les professionnels de santé aux réalités quotidiennes des personnes majeures ou mineurs atteintes d'obésité, en surpoids ou ayant subies une chirurgie bariatrique, ainsi que leurs proches ; développer des partenariats durables afin d'accompagner au mieux toute personne majeure ou mineure atteinte d'obésité, en surpoids ou ayant subie une chirurgie bariatrique, ainsi que leurs proches ; lutter contre toute forme de discrimination liée au poids ; agir en faveur de la prévention de l'obésité auprès de tout public sans distinction"
   }
  },
  {
   "type": "Feature",
   "geometry": {
    "type": "Point",
    "coordinates": [
     -1.624049,
     47.219199
    ]
   },
   "properties": {
    "nom": "PEPSEZ-VOUS !",
    "active": true,
    "logo": "",
    "fiche": "| :fa-info:#A2368F:|**Identification**|\n| ---- | ---- |\n| :fa-map-o::#A2368F:|Etablissement UGECAM LA TOURMALINE<br>44800 Saint-Herblain|\n| :fa-envelope::#A2368F:|[Courriel](mailto:assoaccompagnementpeps@gmail.com)|\n| :fa-mobile::#A2368F:|07 83 66 66 38|\n| :fa-users::#A2368F:|Public accepté : Actuellement limité aux personnes qui ont suivi la formation PEPS|\n| :fa-circle-o-notch::#A2368F:|Mode d'échanges : Téléphone, groupes de paroles  &  activités sportives  (Aquagym)|\n| :fa-external-link::#A2368F:|Partenariat avec : Centre de soins médicaux - La Tourmaline    https://www.groupe-ugecam.fr/centre-smr-la-tourmaline|\n| :fa-user::#A2368F:|Composition: Tous les membres sont des patients|\n| :fa-gear::#A2368F:|W442030889|\n| :fa-calendar::#A2368F:|Enregistrée le -05/08/2025|\n| :fa-refresh::#A2368F:|Fiche Maj le 18/02/2026|\n\n** :fa-newspaper-o: Présentation de l'association**<br>\nL'association PEPSez-vous a pour mission d'accompagner les anciens patients du programme PEPS de l'UGECAM La Tourmaline dans la poursuite de leurs changements de vie. Elle leur offre un espace bienveillant, fondé sur l'écoute, où ils peuvent trouver des ressources pour continuer à progresser.<br>\nElle propose différentes activités destinées à soutenir cette dynamique : pratique d'activités physiques adaptées, amélioration de l'écoute des sensations alimentaires, développement du bien être et renforcement de l'estime de soi.<br>\nL'association s'engage également à promouvoir une meilleure prise en charge de l'obésité et de ses facteurs de risques. <br>\nElle souhaite également contribuer activement à faire évoluer les représentations souvent associées à l'obésité.<br>\nEnfin, dans un second temps, l'association envisage d'ouvrir ses actions à toute personne concernée par le surpoids ou l'obésité."
   }
  },
  {
   "type": "Feature",
   "geometry": {
    "type": "Point",
    "coordinates": [
     3.367904,
     45.550929
    ]
   },
   "properties": {
    "nom": "CERVEAU APAISE ESTOMAC LIBERE",
    "active": true,
    "logo": "CerveauApaiséEstomacLibéré.jpg",
    "fiche": "| :fa-info:#A2368F:|**Identification**|\n| ---- | ---- |\n| :fa-map-o::#A2368F:|3, place d'Auvergne<br>63490 Sauxillanges|\n| :fa-envelope::#A2368F:|[Courriel](mailto:ca.el.asso63@gmail.com)|\n| :fa-file-pdf-o:#A2368F:|[Brochure de l'association](https://drive.google.com/file/d/1hi9_hqzirxX1hKRqvXpApalz-Od27yr0/view?usp=drive_link)|\n| :fa-facebook-official::#A2368F:|[FaceBook](https://www.facebook.com/cerveauapaise.estomaclibere.7)|\n| :fa-mobile::#A2368F:|06 45 59 77 23|\n| :fa-users::#A2368F:|Public accepté : Toute personne ayant ou ayant rencontré des difficultés avec son poids|\n| :fa-circle-o-notch::#A2368F:|Mode d'échanges : Groupe d'échange (messenger, whatsapp), page facebook, rencontre tous les lundis matin à Issoire pour des activités diverses variées|\n| :fa-tag::#A2368F:|Affiliation: LCO|\n| :fa-external-link::#A2368F:|Partenariat avec : association AFRET, unité addicto pour TCA de Ste Marie de Clermont Ferrand, UGECAM Clermont ferrand|\n| :fa-certificate::#A2368F:|Agréments : Convention avec CSO Caloris auvergne|\n| :fa-user::#A2368F:|Composition: Ensemble de patients|\n| :fa-gear::#A2368F:|W633001820|\n| :fa-calendar::#A2368F:|Enregistrée le 27/01/2018|\n| :fa-refresh::#A2368F:|Fiche Maj le 28/01/2026|\n\n** :fa-newspaper-o: Présentation de l'association**<br>\nLibéré est là pour permettre aux personnes de se libérer, de d'estimer, de s'aimer telles qu'elles sont en mettant en oeuvre des activités de groupe."
   }
  },
  {
   "type": "Feature",
   "geometry": {
    "type": "Point",
    "coordinates": [
     -1.466791,
     43.404706
    ]
   },
   "properties": {
    "nom": "OSASUN BIDEA CAP SANTE",
    "active": true,
    "logo": "OSASUN.png",
    "adultes": "oui",
    "adolescents": "oui",
    "fiche": "| :fa-info:#A2368F:|**Identification**|\n| ---- | ---- |\n| :fa-map-o::#A2368F:|662 Arkia<br>64480 Ustaritz|\n| :fa-envelope::#A2368F:|[Courriel](mailto:osasunbideacapsante@gmail.com)|\n| :fa-facebook-official::#A2368F:|[FaceBook](https://www.facebook.com/profile.php?id=61584825172485)|\n| :fa-mobile::#A2368F:|06 98 72 44 38|\n| :fa-users::#A2368F:|Public accepté : Adultes et adolescents|\n| :fa-gear::#A2368F:|W641014834|\n| :fa-calendar::#A2368F:|Enregistrée le -11/03/2025|\n| :fa-refresh::#A2368F:|Fiche Maj le 18/12/2025|\n\n** :fa-newspaper-o: Présentation de l'association**<br>\nfavoriser l'accès au sport adapté et lutter contre la sédentarité, la précarité et l'isolement."
   }
  },
  {
   "type": "Feature",
   "geometry": {
    "type": "Point",
    "coordinates": [
     -1.665731,
     47.222683
    ]
   },
   "properties": {
    "nom": "LA VIE EN GROS - MIADO GO",
    "active": true,
    "logo": "LavieenGros.jpg",
    "fiche": "| :fa-info:#A2368F:|**Identification**|\n| ---- | ---- |\n| :fa-map-o::#A2368F:|44800 Saint-Herblain|\n| :fa-envelope::#A2368F:|[Courriel](mailto:lavieengrosmiadogo@hotmail.com)|\n| :fa-file-pdf-o:#A2368F:|[Brochure de l'association](https://drive.google.com/file/d/1RJKcesHTHe8e0D_adcXFkEcgxL_Gl4iN/view?usp=sharing)|\n| :fa-facebook-official::#A2368F:|[FaceBook](https://www.facebook.com/p/La-Vie-En-Gros-100091896998596/)|\n| :fa-mobile::#A2368F:|06 08 01 95 71|\n| :fa-users::#A2368F:|Public accepté : Toutes personnes en situation d'obésité ou de surpoids.|\n| :fa-circle-o-notch::#A2368F:|Mode d'échanges : e-mail, téléphone, sms|\n| :fa-certificate::#A2368F:|Agréments : Personnes engagées et militantes|\n| :fa-gear::#A2368F:|W442031417|\n| :fa-calendar::#A2368F:|Enregistrée le -27/01/2026|\n| :fa-refresh::#A2368F:|Fiche Maj le 21/06/2026|\n\n** :fa-newspaper-o: Présentation de l'association**<br>\ndévelopper les valeurs fondamentales de la vie humaine à travers les principes de l'éducation populaire  : émancipation, coopération, solidarité, justice  ; elle a vocation à promouvoir les actions d'information, d accompagnement et de formation à propos de l' éducation de la santé, du sport et de l'écologie  ; les objectifs poursuivis sont  : répondre à des problématiques de santé publique autour des maladies chroniques, en particulier sur l'obésité  ; reconnaître l'obésité en tant que maladie chronique et rendre le patient acteur de sa maladie, constituer un lieu ressource pour les personnes en situation d obésité en lien avec les professionnels de la santé  ; accompagner les personnes vivant avec des maladies chroniques dans un parcours de soin alliant équilibre physique et psychologique, proposer ou favoriser des activités physiques adaptées alliant sport, santé et environnement tout en menant des actions autour de l'écologie et du faire ensemble  ; mener des actions contre les préjugés, le harcèlement scolaire, la grossophobie dans tous les milieux éducatifs, professionnels, de loisirs etc  ; amener également à sortir de l'isolement, à rompre avec la solitude et la culpabilité pour se donner des projets d avenir  ; dans la perspective d'ouverture culturelle et émancipatrice ces objectifs ont aussi vocation à agir au niveau international notamment au togo tout en s adaptant aux problématiques locales"
   }
  },
  {
   "type": "Feature",
   "geometry": {
    "type": "Point",
    "coordinates": [
     2.02969,
     44.6104
    ]
   },
   "properties": {
    "nom": "JE ME RETROUVE",
    "active": true,
    "logo": "jemeretrouve.png",
    "bariatrique": "oui",
    "fiche": "| :fa-info:#A2368F:|**Identification**|\n| ---- | ---- |\n| :fa-map-o::#A2368F:|Centre Hospitalier<br>33, rue des Maquisards<br>46100 Figeac|\n| :fa-envelope::#A2368F:|[Courriel](mailto:cext@ch-figeac.fr)|\n| :fa-file-pdf-o:#A2368F:|[Brochure de l'association](https://drive.google.com/file/d/14xeAMA58QY2YP81H4uUwIEf-VBwynN5k/view?usp=drive_link)|\n| :fa-mobile::#A2368F:|05 65 50 68 20|\n| :fa-users::#A2368F:|Public accepté : Personnes opérées d'une chirurgie bariatrique.|\n| :fa-circle-o-notch::#A2368F:|Mode d'échanges : <br>Groupes d'échanges,<br> ateliers culinaires,<br> vide dressing|\n| :fa-external-link::#A2368F:|Partenariat avec : Centre Hospitalier Figeac|\n| :fa-user::#A2368F:|Composition: Professionnels de santé et patient partenaire|\n| :fa-gear::#A2368F:|W462002721|\n| :fa-calendar::#A2368F:|Enregistrée le 28/02/2015|\n| :fa-refresh::#A2368F:|Fiche Maj le 16/02/2026|\n\n** :fa-newspaper-o: Présentation de l'association**<br>\nsuivre, accompagner les patients traités pour une obésité ou une maladie métabolique et leur entourage.<br>\nActivités : Randonnnées - ateliers culinaires  - partage  - groupe de paroles entre patients ou avec des professionnels  - vide dressing."
   }
  },
  {
   "type": "Feature",
   "geometry": {
    "type": "Point",
    "coordinates": [
     4.891657,
     44.960716
    ]
   },
   "properties": {
    "nom": "ACODA-CONTRE-OBESITE",
    "active": true,
    "logo": "Acoda.png",
    "adultes": "oui",
    "fiche": "| :fa-info:#A2368F:|**Identification**|\n| ---- | ---- |\n| :fa-map-o::#A2368F:|85, route de Talavard,<br>26500 Bourg-lès-Valence|\n| :fa-envelope::#A2368F:|[Courriel](mailto:veronique.ducros26500@gmail.com)|\n| :fa-mobile::#A2368F:|06 66 07 63 38|\n| :fa-users::#A2368F:|Public accepté : Adultes et conjoints|\n| :fa-circle-o-notch::#A2368F:|Mode d'échanges : Téléphone ou présentiel|\n| :fa-user::#A2368F:|Composition: Patients bénévoles|\n| :fa-gear::#A2368F:|W263007337|\n| :fa-calendar::#A2368F:|Enregistrée le 28/03/2015|\n| :fa-refresh::#A2368F:|Fiche Maj le 10/02/2026|\n\n** :fa-newspaper-o: Présentation de l'association**<br>\nSoutien aux personnes en obésité qui souhaitent entre dans un parcours de soins.<br>\nLa présidente peut vous écouter et échanger dans votre parcours. <br>\nDe nouvelles activités sont prévues pour les années à venir.\n\n**:fa-film:#A2368F: Vidéo de présentation de l'association**<br>\n!(https://www.youtube.com/watch?v=vMQ8KBXN6f0)"
   }
  },
  {
   "type": "Feature",
   "geometry": {
    "type": "Point",
    "coordinates": [
     -2.794444,
     48.489041
    ]
   },
   "properties": {
    "nom": "LA SANTÉ DE LA FAMILLE",
    "active": true,
    "logo": "SANTE FAMILLE.png",
    "bariatrique": "oui",
    "adolescents": "oui",
    "fiche": "| :fa-info:#A2368F:|**Identification**|\n| ---- | ---- |\n| :fa-map-o::#A2368F:|Pôle Associatif rue de la mairie,<br>22440 Ploufragan|\n| :fa-envelope::#A2368F:|[Courriel](mailto:sylvie.tanguy64@gmail.com)|\n| :fa-file-pdf-o:#A2368F:|[Brochure de l'association](https://drive.google.com/file/d/1F4k5t0BHXIlpaElvQtqZpNB6Gq5YPSvx/view?usp=sharing)|\n| :fa-chain::#A2368F:|[Site Web](https://www.lasantedelafamille.fr)|\n| :fa-facebook-official::#A2368F:|[FaceBook](https://www.facebook.com/profile.php?id=100068528635203)|\n| :fa-instagram::#A2368F:|[Instagram](https://www.instagram.com/sdlf_prevention_accompagnement/)|\n| :fa-mobile::#A2368F:|06 31 35 96 07|\n| :fa-users::#A2368F:|Public accepté : Patients et proches - Adolescents >16 ans|\n| :fa-circle-o-notch::#A2368F:|Mode d'échanges : Entretien individuel, groupes de parole, vie associative|\n| :fa-tag::#A2368F:|Affiliation: entité locale de La santé de la famille France|\n| :fa-external-link::#A2368F:|Partenariat avec : <br>Val josselin Yffiniac<br>Clinique de la ceriserai à Tregeux<br>Centre de soins et de réadaptation à St Brieuc<br>centre Maria Estrella  St Brieuc|\n| :fa-certificate::#A2368F:|Agréments : INISTÈRE DES SOLIDARITÉS ET DE LA SANTÉ (Agrément national d'associations et unions d'associations représentant les usagers dans les instances hospitalières ou de santé publique)<br>Reconnue d'utilité publique le 9 décembre 1950 - Certification Qualiopi en cours.|\n| :fa-user::#A2368F:|Composition: Bénévoles formés à addictologie, à la relation d'aide et à l'ETP (éducation thérapeutique du patient) 2 patients experts certifiés à l'addiction|\n| :fa-gear::#A2368F:|775672256|\n| :fa-calendar::#A2368F:|Enregistrée le -18/10/2012|\n| :fa-refresh::#A2368F:|Fiche Maj le 02/02/2026|\n\n** :fa-newspaper-o: Présentation de l'association**<br>\nLA SANTÉ DE LA FAMILLE est une association qui accompagne des personnes souffrant d'addictions, qu'il s'agisse d'addictions aux produits psychotropes ou d'addictions comportementales, notamment les troubles du comportement alimentaire.<br>\nAu sein du comité des Côtes-d'Armor, certaines personnes accompagnées ont bénéficié d'une chirurgie bariatrique."
   }
  },
  {
   "type": "Feature",
   "geometry": {
    "type": "Point",
    "coordinates": [
     2.619647,
     46.345219
    ]
   },
   "properties": {
    "nom": "DOUBLE JE",
    "active": true,
    "logo": "Double Je.png",
    "bariatrique": "oui",
    "fiche": "| :fa-info:#A2368F:|**Identification**|\n| ---- | ---- |\n| :fa-map-o::#A2368F:|Hôpital Privé Saint-Francois, 8, rue Ambroise Croizat,<br>03630 Désertines|\n| :fa-envelope::#A2368F:|[Courriel](mailto:associationdoubleje@gmail.com)|\n| :fa-file-pdf-o:#A2368F:|[Brochure de l'association](https://drive.google.com/file/d/1lYwp8An2hBOSC7WuZf3g0m7ASAWsN6pb/view?usp=drive_link)|\n| :fa-mobile::#A2368F:|06 98 40 17 94|\n| :fa-users::#A2368F:|Public accepté : Personnes en obésité opérés ou pas  et les accompagnements|\n| :fa-circle-o-notch::#A2368F:|Mode d'échanges : Réunions à l'hôpital et en visio|\n| :fa-external-link::#A2368F:|Partenariat avec : Hôpital Privé Saint François|\n| :fa-user::#A2368F:|Composition: Patients et professionnels de santé|\n| :fa-gear::#A2368F:|W031003282|\n| :fa-calendar::#A2368F:|Enregistrée le -29/09/2018|\n| :fa-refresh::#A2368F:|Fiche Maj le 10/04/2026|\n\n** :fa-newspaper-o: Présentation de l'association**<br>\naccompagnement des patients et de leur entourage pendant un parcours de chirurgie bariatrique."
   }
  },
  {
   "type": "Feature",
   "geometry": {
    "type": "Point",
    "coordinates": [
     2.376186,
     48.650544
    ]
   },
   "properties": {
    "nom": "LE POIDS DES MAUX, UN AUTRE REGARD SUR L'OBESITE",
    "active": true,
    "logo": "Le poids des maux.jpg",
    "bariatrique": "oui",
    "adultes": "oui",
    "fiche": "| :fa-info:#A2368F:|**Identification**|\n| ---- | ---- |\n| :fa-map-o::#A2368F:|91350 Grigny|\n| :fa-envelope::#A2368F:|[Courriel](mailto:association.lpdm@gmail.com)|\n| :fa-mobile::#A2368F:|06 83 64 18 77|\n| :fa-users::#A2368F:|Public accepté : Adultes avec les proches|\n| :fa-circle-o-notch::#A2368F:|Mode d'échanges : Échanges téléphonique ou texto ou à domicile|\n| :fa-user::#A2368F:|Composition: Uniquement de patients opérés et non opérés|\n| :fa-gear::#A2368F:|W912007915|\n| :fa-calendar::#A2368F:|Enregistrée le 10/05/2014|\n| :fa-refresh::#A2368F:|Fiche Maj le 27/04/2026|\n\n** :fa-newspaper-o: Présentation de l'association**<br>\nsoutenir, accompagner et informer des personnes en surpoids et / ou en obésité, souhaitant bénéficier ou ayant bénéficié d'une chirurgie bariatrique ou non ; renseigner et accompagner leur entourage afin de ne plus rester seul face à cette maladie ; permettre à ces personnes de sortir de leur isolement et de créer des liens sociaux en mettant en place des actions de prévention, de sensibilisation, d'information, de lutte contre les rechutes ; accompagner et d'encourager ces personnes dans leurs démarches et dans leur suivi médical et social."
   }
  },
  {
   "type": "Feature",
   "geometry": {
    "type": "Point",
    "coordinates": [
     5.851013,
     43.106139
    ]
   },
   "properties": {
    "nom": "MINCE ALORS !!!",
    "active": true,
    "logo": "Mincealors.jpg",
    "bariatrique": "oui",
    "fiche": "| :fa-info:#A2368F:|**Identification**|\n| ---- | ---- |\n| :fa-map-o::#A2368F:|Centre de l'Obésité du Dr AVALLONE<br>349, avenue de Rome<br>83500 La Seyne-sur-Mer|\n| :fa-envelope::#A2368F:|[Courriel](mailto:2mince.alors.83@gmail.com)|\n| :fa-mobile::#A2368F:|07 82 41 38 91|\n| :fa-users::#A2368F:|Public accepté : Suivi Pré et post-Post intervention bariatrique|\n| :fa-circle-o-notch::#A2368F:|Mode d'échanges : réunions / Groupes de paroles   jusqu'à un an post-op <br>partenariat avec Active Santé (association multiculturelle et activité sportive)|\n| :fa-external-link::#A2368F:|Partenariat avec : Centre de l'Obésité du Dr AVALLONE|\n| :fa-user::#A2368F:|Composition: Uniquement composée de patients|\n| :fa-gear::#A2368F:|W832014920|\n| :fa-calendar::#A2368F:|Enregistrée le 05/08/2017|\n| :fa-refresh::#A2368F:|Fiche Maj le 22/04/2026|\n\n** :fa-newspaper-o: Présentation de l'association**<br>\nde contribuer à la diffusion d'éléments d'information de type médical et social sur l'obésité ; de permettre aux membres de l'association et aux victimes de la maladie, un échange d'informations et de services de nature à éviter l'isolement ; d'être le porte-parole des membres auprès des pouvoirs publics, des médias nationaux ou devant toute autre personne ; de susciter et développer toute action de recherche, entraide, information et revendication ; d'aider à la mise en place de structures de proximité ;"
   }
  },
  {
   "type": "Feature",
   "geometry": {
    "type": "Point",
    "coordinates": [
     4.70865,
     46.011789
    ]
   },
   "properties": {
    "nom": "A.V.O.C. ASSOCIATION VAINCRE L'OBESITE EN CALADE",
    "active": true,
    "logo": "AVOC.png",
    "adultes": "oui",
    "fiche": "| :fa-info:#A2368F:|**Identification**|\n| ---- | ---- |\n| :fa-map-o::#A2368F:|Polyclinique Beaujolais, 120 route de Beaujeu, Consult. Chirurgie Viscérale,<br>69400 Arnas|\n| :fa-envelope::#A2368F:|[Courriel](mailto:avoc.calade@gmail.com)|\n| :fa-file-pdf-o:#A2368F:|[Brochure de l'association](https://drive.google.com/file/d/1ikl032q1ps0vb6SAXyBKqFHIiBukyYiJ/view?usp=sharing)|\n| :fa-chain::#A2368F:|[Site Web](https://www.avoccalade.com/)|\n| :fa-facebook-official::#A2368F:|[FaceBook](https://www.facebook.com/share/1EnUGXi7GP/)|\n| :fa-instagram::#A2368F:|[Instagram](https://www.instagram.com/a.v.o.calade?)|\n| :fa-chain::#A2368F:|[Autre](https://www.linkedin.com/company/association-pour-vaincre-l-ob%C3%A9sit%C3%A9-en-calade/posts/?feedView=all&viewAsMember=true)|\n| :fa-mobile::#A2368F:|06 59 87 78 56|\n| :fa-users::#A2368F:|Public accepté : Toutes personnes adultes qui souffrent d'obésité|\n| :fa-circle-o-notch::#A2368F:|Mode d'échanges : Groupe de paroles une fois par mois et rencontres patients/praticiens, Ateliers thérapeutiques, activités physiques,|\n| :fa-external-link::#A2368F:|Partenariat avec : Centre de chirurgie Viscérale du Beaujolais<br> Polyclinique du Beaujolais<br> Convention avec le CSO de la Sauvegarde à LYON|\n| :fa-certificate::#A2368F:|Agréments : En cours pour être reconnue d'intérêt public<br>En cours pour un agrément ARS|\n| :fa-user::#A2368F:|Composition: Patients adultes<br>Une patiente formée à l'éducation thérapeutique du patient|\n| :fa-gear::#A2368F:|W692005941|\n| :fa-calendar::#A2368F:|Enregistrée le 27/02/2016|\n| :fa-refresh::#A2368F:|Fiche Maj le 24/03/2026|\n\n** :fa-newspaper-o: Présentation de l'association**<br>\nL'association Vaincre l'obésité en Calade (A.V.O.C.) a pour objectif de lutter contre l'obésité et le surpoids<br>\nNous sommes une association de patients bénévoles soutenue par l'équipe médicale du Centre de Chirurgie Viscérale du Beaujolais à Arnas (69).<br>\nNotre objectif est de renseigner et soutenir les personnes souffrant d'obésité ou de surpoids en menant différentes actions (réunions d'échange de parole, rencontres patients-praticiens, ateliers thérapeutiques, activités physiques adaptées, conférence, ...)  avec des professionnels de santé et des coachs adaptés bienveillants.<br>\nLe but est de préserver avec humanisme et convivialité l'accompagnement, l'écoute, la bienveillance et la bientraitance des patients en surpoids ou en situation d'obésité."
   }
  },
  {
   "type": "Feature",
   "geometry": {
    "type": "Point",
    "coordinates": [
     5.041161,
     47.322051
    ]
   },
   "properties": {
    "nom": "SOLIDARITÉ OBÉSITÉ",
    "active": true,
    "logo": "Solidariteobesite.png",
    "adultes": "oui",
    "fiche": "| :fa-info:#A2368F:|**Identification**|\n| ---- | ---- |\n| :fa-map-o::#A2368F:|21000 Dijon|\n| :fa-envelope::#A2368F:|[Courriel](mailto:solidarite.obesite@gmail.com)|\n| :fa-file-pdf-o:#A2368F:|[Brochure de l'association](https://drive.google.com/file/d/1wYoDVQ7ahmUeCF5aT8V73sqfqBT1lf2e/view?usp=drive_link)|\n| :fa-facebook-official::#A2368F:|[FaceBook](https://www.facebook.com/solidarite.obesite)|\n| :fa-instagram::#A2368F:|[Instagram](https://www.instagram.com/solidarite_obesite/)|\n| :fa-mobile::#A2368F:|07 69 00 30 67|\n| :fa-users::#A2368F:|Public accepté : Toutes personnes en situation d'obésité  (Adultes, adosclences) et proches|\n| :fa-circle-o-notch::#A2368F:|Mode d'échanges : Réunions en présentiel, Ateliers et groupes de paroles|\n| :fa-tag::#A2368F:|Affiliation: CNAO|\n| :fa-user::#A2368F:|Composition: Patients  en situation d'obésité|\n| :fa-gear::#A2368F:|W212015745|\n| :fa-calendar::#A2368F:|Enregistrée le 09/03/2026|\n| :fa-refresh::#A2368F:|Fiche Maj le 09/03/2026|\n\n** :fa-newspaper-o: Présentation de l'association**<br>\nL'Association a pour objet d'aider, informer, orienter et soutenir les personnes souffrant d'obésité ou de surpoids, ainsi que leurs proches.<br>\nÀ ce titre, elle a notamment pour missions :<br>\n? D'informer sur l'obésité, ses causes, ses conséquences et les solutions de prise en charge existantes ;<br>\n? D'orienter les personnes concernées vers des professionnels de santé, structures spécialisées ou dispositifs d'accompagnement adaptés ;D'apporter un soutien moral. social et éducatifaux personnes concernées ;<br>\n? De lutter contre la stigmatisation et la discrimination liées à leur surpoids ou leur obésité ;<br>\n? Aider et accompagner les victimes de stigmatisation et discrimination liées à leur surpoids ou à leur obésité.<br>\n? De promouvoir la prévention, l'éducation à la santé et le bien-être ;<br>\n?  D'organiser des actions, événements, ateliers, groupes de parole ou campagnes d'information en lien avec son objet.<br>\n<br>\nL'Association aide, informe, orienter et soutient tous patients qu'ils soient enfants, adolescents ou adultes.<br>\nBien évidemment, s'il s'agit d'un mineur, l'Association devra intervenir auprès de celui-ci accompagné de ses parents ou de son responsable légal.<br>\nLe cas échéant, dans le cas d'un mineur accompagné de son responsable légal, ledit responsable devra communiquer le document lui conférent cette responsabilité.<br>\nL'association exerce ses activités dans un esprit de neutralité politique, philosophique et religieuse.<br>\n<br>\nEn aucun cas les missions ne sauront se substituer à un acte médical ou un consultation médicale. L'association se dédouanant de toute responsabilité si une consultation médicale n'est pas réalisée à la suite des informations ou orientations données.\n\n**:fa-film:#A2368F: Vidéo de présentation de l'association**<br>\n!(https://youtu.be/nOdrZNeR9B8?si=a3ODxZKkaOrLcxWW)"
   }
  }
 ]
}